dist_code,month,documents_registered_cnt,documents_registered_rev,estamps_challans_cnt,estamps_challans_rev,Mmm,quarter,fiscal_year,district
14_1,2019-04-01,4533,59236363,0,0,Apr,Q1,2019,Mahabubnagar
17_3,2019-04-01,4151,41508762,0,0,Apr,Q1,2019,Siddipet
20_3,2019-04-01,2116,23674170,0,0,Apr,Q1,2019,Rajanna Sircilla
21_5,2019-04-01,1089,15915285,0,0,Apr,Q1,2019,Mahabubabad
23_1,2019-04-01,6133,82593256,0,0,Apr,Q1,2019,Nalgonda
23_3,2019-04-01,7413,113680902,0,0,Apr,Q1,2019,Yadadri Bhuvanagiri
20_1,2019-04-01,2748,58308650,0,0,Apr,Q1,2019,Karimnagar
20_4,2019-04-01,1384,27467135,0,0,Apr,Q1,2019,Peddapalli
16_1,2019-04-01,5268,724238098,0,0,Apr,Q1,2019,Hyderabad
14_3,2019-04-01,2726,21804047,0,0,Apr,Q1,2019,Nagarkurnool
15_2,2019-04-01,14140,1080766807,0,0,Apr,Q1,2019,Medchal_Malkajgiri
21_6,2019-04-01,563,5688052,0,0,Apr,Q1,2019,Mulugu
22_2,2019-04-01,542,12610700,0,0,Apr,Q1,2019,Bhadradri Kothagudem
20_2,2019-04-01,1943,26031616,0,0,Apr,Q1,2019,Jagtial
14_2,2019-04-01,2074,17019180,0,0,Apr,Q1,2019,Jogulamba Gadwal
21_2,2019-04-01,947,10639865,0,0,Apr,Q1,2019,Warangal
22_1,2019-04-01,4088,89082890,0,0,Apr,Q1,2019,Khammam
17_2,2019-04-01,8316,418960714,0,0,Apr,Q1,2019,Sangareddy
23_2,2019-04-01,2692,45800865,0,0,Apr,Q1,2019,Suryapet
19_4,2019-04-01,585,8302945,0,0,Apr,Q1,2019,Kumurambheem Asifabad
19_3,2019-04-01,1620,24326193,0,0,Apr,Q1,2019,Mancherial
18_2,2019-04-01,2876,26367902,0,0,Apr,Q1,2019,Kamareddy
19_1,2019-04-01,1043,12672655,0,0,Apr,Q1,2019,Adilabad
14_5,2019-04-01,2091,13948976,0,0,Apr,Q1,2019,Narayanpet
14_4,2019-04-01,2355,19227636,0,0,Apr,Q1,2019,Wanaparthy
18_1,2019-04-01,4562,60415544,0,0,Apr,Q1,2019,Nizamabad
19_2,2019-04-01,1767,18940764,0,0,Apr,Q1,2019,Nirmal
21_1,2019-04-01,4186,120047007,0,0,Apr,Q1,2019,Hanumakonda
15_1,2019-04-01,29436,2026355727,0,0,Apr,Q1,2019,Rangareddy
17_1,2019-04-01,2205,30584778,0,0,Apr,Q1,2019,Medak
21_3,2019-04-01,2372,30706161,0,0,Apr,Q1,2019,Jangoan
15_3,2019-04-01,2259,26570227,0,0,Apr,Q1,2019,Vikarabad
21_2,2019-05-01,1230,15030867,0,0,May,Q1,2019,Warangal
18_2,2019-05-01,3352,26907600,0,0,May,Q1,2019,Kamareddy
20_2,2019-05-01,2312,29341793,0,0,May,Q1,2019,Jagtial
22_2,2019-05-01,782,12779175,0,0,May,Q1,2019,Bhadradri Kothagudem
21_6,2019-05-01,616,6059339,0,0,May,Q1,2019,Mulugu
19_3,2019-05-01,2260,33143566,0,0,May,Q1,2019,Mancherial
22_1,2019-05-01,5095,93397223,0,0,May,Q1,2019,Khammam
17_1,2019-05-01,2400,68953812,0,0,May,Q1,2019,Medak
17_3,2019-05-01,4478,49926112,0,0,May,Q1,2019,Siddipet
23_3,2019-05-01,8787,161615746,0,0,May,Q1,2019,Yadadri Bhuvanagiri
18_1,2019-05-01,5047,71038874,0,0,May,Q1,2019,Nizamabad
14_5,2019-05-01,1615,11855661,0,0,May,Q1,2019,Narayanpet
21_3,2019-05-01,2968,38073544,0,0,May,Q1,2019,Jangoan
20_1,2019-05-01,3029,60448065,0,0,May,Q1,2019,Karimnagar
19_1,2019-05-01,1092,15177385,0,0,May,Q1,2019,Adilabad
19_2,2019-05-01,1788,20714061,0,0,May,Q1,2019,Nirmal
23_1,2019-05-01,6592,90267315,0,0,May,Q1,2019,Nalgonda
14_3,2019-05-01,3471,25935850,0,0,May,Q1,2019,Nagarkurnool
17_2,2019-05-01,8494,425344246,0,0,May,Q1,2019,Sangareddy
19_4,2019-05-01,414,4902685,0,0,May,Q1,2019,Kumurambheem Asifabad
14_2,2019-05-01,2392,21224914,0,0,May,Q1,2019,Jogulamba Gadwal
14_4,2019-05-01,2809,20217773,0,0,May,Q1,2019,Wanaparthy
15_1,2019-05-01,31310,2027201202,0,0,May,Q1,2019,Rangareddy
16_1,2019-05-01,5210,754708131,0,0,May,Q1,2019,Hyderabad
14_1,2019-05-01,4301,73344601,0,0,May,Q1,2019,Mahabubnagar
20_4,2019-05-01,1554,27369396,0,0,May,Q1,2019,Peddapalli
20_3,2019-05-01,2097,23745502,0,0,May,Q1,2019,Rajanna Sircilla
21_1,2019-05-01,5395,151385340,0,0,May,Q1,2019,Hanumakonda
15_3,2019-05-01,2347,26915352,0,0,May,Q1,2019,Vikarabad
21_5,2019-05-01,1468,19541233,0,0,May,Q1,2019,Mahabubabad
15_2,2019-05-01,16036,1231074513,0,0,May,Q1,2019,Medchal_Malkajgiri
23_2,2019-05-01,3460,53073454,0,0,May,Q1,2019,Suryapet
14_5,2019-06-01,1701,12770293,0,0,Jun,Q1,2019,Narayanpet
20_1,2019-06-01,3276,63248165,0,0,Jun,Q1,2019,Karimnagar
17_3,2019-06-01,5625,50053613,0,0,Jun,Q1,2019,Siddipet
16_1,2019-06-01,5015,746210249,0,0,Jun,Q1,2019,Hyderabad
21_1,2019-06-01,4541,141468882,0,0,Jun,Q1,2019,Hanumakonda
19_3,2019-06-01,1994,26534317,0,0,Jun,Q1,2019,Mancherial
20_4,2019-06-01,2053,33732651,0,0,Jun,Q1,2019,Peddapalli
21_2,2019-06-01,1276,14677798,0,0,Jun,Q1,2019,Warangal
23_3,2019-06-01,9280,106077226,0,0,Jun,Q1,2019,Yadadri Bhuvanagiri
15_1,2019-06-01,24084,2089441609,0,0,Jun,Q1,2019,Rangareddy
14_3,2019-06-01,4267,29213266,0,0,Jun,Q1,2019,Nagarkurnool
21_5,2019-06-01,1392,18292822,0,0,Jun,Q1,2019,Mahabubabad
23_2,2019-06-01,3319,46934818,0,0,Jun,Q1,2019,Suryapet
17_2,2019-06-01,8251,388914751,0,0,Jun,Q1,2019,Sangareddy
19_4,2019-06-01,520,5626095,0,0,Jun,Q1,2019,Kumurambheem Asifabad
19_2,2019-06-01,1860,20888875,0,0,Jun,Q1,2019,Nirmal
14_4,2019-06-01,2527,17696126,0,0,Jun,Q1,2019,Wanaparthy
22_1,2019-06-01,5049,99823253,0,0,Jun,Q1,2019,Khammam
14_1,2019-06-01,3565,50331243,0,0,Jun,Q1,2019,Mahabubnagar
22_2,2019-06-01,705,13006275,0,0,Jun,Q1,2019,Bhadradri Kothagudem
15_2,2019-06-01,11808,942570587,0,0,Jun,Q1,2019,Medchal_Malkajgiri
19_1,2019-06-01,824,11443194,0,0,Jun,Q1,2019,Adilabad
17_1,2019-06-01,2613,45801812,0,0,Jun,Q1,2019,Medak
21_3,2019-06-01,2766,34975070,0,0,Jun,Q1,2019,Jangoan
18_1,2019-06-01,5258,66957257,0,0,Jun,Q1,2019,Nizamabad
23_1,2019-06-01,7146,104282218,0,0,Jun,Q1,2019,Nalgonda
20_3,2019-06-01,2388,27212704,0,0,Jun,Q1,2019,Rajanna Sircilla
18_2,2019-06-01,3595,34889349,0,0,Jun,Q1,2019,Kamareddy
20_2,2019-06-01,2672,32368172,0,0,Jun,Q1,2019,Jagtial
21_6,2019-06-01,721,6553495,0,0,Jun,Q1,2019,Mulugu
15_3,2019-06-01,2072,29390216,0,0,Jun,Q1,2019,Vikarabad
14_2,2019-06-01,1753,24300464,0,0,Jun,Q1,2019,Jogulamba Gadwal
21_3,2019-07-01,3210,38094533,0,0,Jul,Q2,2019,Jangoan
15_3,2019-07-01,2635,31158113,0,0,Jul,Q2,2019,Vikarabad
21_6,2019-07-01,1022,9855642,0,0,Jul,Q2,2019,Mulugu
23_2,2019-07-01,4709,70377544,0,0,Jul,Q2,2019,Suryapet
15_1,2019-07-01,29063,1762830038,0,0,Jul,Q2,2019,Rangareddy
23_1,2019-07-01,8928,115173858,0,0,Jul,Q2,2019,Nalgonda
18_1,2019-07-01,5749,74149259,0,0,Jul,Q2,2019,Nizamabad
19_1,2019-07-01,1186,17853370,0,0,Jul,Q2,2019,Adilabad
14_1,2019-07-01,5056,58994710,0,0,Jul,Q2,2019,Mahabubnagar
17_3,2019-07-01,5575,47714647,0,0,Jul,Q2,2019,Siddipet
18_2,2019-07-01,3835,32920357,0,0,Jul,Q2,2019,Kamareddy
23_3,2019-07-01,9448,134999011,0,0,Jul,Q2,2019,Yadadri Bhuvanagiri
21_1,2019-07-01,5892,152570326,0,0,Jul,Q2,2019,Hanumakonda
19_2,2019-07-01,2127,22890600,0,0,Jul,Q2,2019,Nirmal
14_4,2019-07-01,3460,22968808,0,0,Jul,Q2,2019,Wanaparthy
14_3,2019-07-01,4185,28345301,0,0,Jul,Q2,2019,Nagarkurnool
20_4,2019-07-01,2236,34112815,0,0,Jul,Q2,2019,Peddapalli
19_3,2019-07-01,2434,33016334,0,0,Jul,Q2,2019,Mancherial
14_5,2019-07-01,2187,16498551,0,0,Jul,Q2,2019,Narayanpet
16_1,2019-07-01,5573,658623385,0,0,Jul,Q2,2019,Hyderabad
19_4,2019-07-01,504,5472687,0,0,Jul,Q2,2019,Kumurambheem Asifabad
20_3,2019-07-01,2413,25639647,0,0,Jul,Q2,2019,Rajanna Sircilla
21_5,2019-07-01,1858,19590782,0,0,Jul,Q2,2019,Mahabubabad
21_2,2019-07-01,1451,17966223,0,0,Jul,Q2,2019,Warangal
20_2,2019-07-01,3106,35101355,0,0,Jul,Q2,2019,Jagtial
14_2,2019-07-01,3068,22574155,0,0,Jul,Q2,2019,Jogulamba Gadwal
20_1,2019-07-01,3675,69644228,0,0,Jul,Q2,2019,Karimnagar
17_1,2019-07-01,2909,38470965,0,0,Jul,Q2,2019,Medak
17_2,2019-07-01,10308,406370671,0,0,Jul,Q2,2019,Sangareddy
15_2,2019-07-01,14497,1017656366,0,0,Jul,Q2,2019,Medchal_Malkajgiri
22_2,2019-07-01,708,13359678,0,0,Jul,Q2,2019,Bhadradri Kothagudem
22_1,2019-07-01,5472,98933054,0,0,Jul,Q2,2019,Khammam
14_1,2019-08-01,4864,73289753,0,0,Aug,Q2,2019,Mahabubnagar
19_4,2019-08-01,387,5255110,0,0,Aug,Q2,2019,Kumurambheem Asifabad
15_1,2019-08-01,27288,2010161113,0,0,Aug,Q2,2019,Rangareddy
20_3,2019-08-01,2493,22575950,0,0,Aug,Q2,2019,Rajanna Sircilla
18_2,2019-08-01,2710,24438466,0,0,Aug,Q2,2019,Kamareddy
15_3,2019-08-01,2197,33431499,0,0,Aug,Q2,2019,Vikarabad
16_1,2019-08-01,5956,797295938,0,0,Aug,Q2,2019,Hyderabad
15_2,2019-08-01,14718,1122098095,0,0,Aug,Q2,2019,Medchal_Malkajgiri
20_2,2019-08-01,2497,32248561,0,0,Aug,Q2,2019,Jagtial
21_6,2019-08-01,816,7554861,0,0,Aug,Q2,2019,Mulugu
21_3,2019-08-01,2920,35046121,0,0,Aug,Q2,2019,Jangoan
23_3,2019-08-01,7865,113198332,0,0,Aug,Q2,2019,Yadadri Bhuvanagiri
18_1,2019-08-01,5062,62483945,0,0,Aug,Q2,2019,Nizamabad
21_1,2019-08-01,4997,135863416,0,0,Aug,Q2,2019,Hanumakonda
19_2,2019-08-01,1523,15199278,0,0,Aug,Q2,2019,Nirmal
19_1,2019-08-01,1124,14955291,0,0,Aug,Q2,2019,Adilabad
14_4,2019-08-01,3091,22700059,0,0,Aug,Q2,2019,Wanaparthy
23_1,2019-08-01,7301,88276635,0,0,Aug,Q2,2019,Nalgonda
22_2,2019-08-01,833,15008087,0,0,Aug,Q2,2019,Bhadradri Kothagudem
14_2,2019-08-01,2519,18515918,0,0,Aug,Q2,2019,Jogulamba Gadwal
20_4,2019-08-01,1842,31819721,0,0,Aug,Q2,2019,Peddapalli
17_1,2019-08-01,2569,31935569,0,0,Aug,Q2,2019,Medak
21_2,2019-08-01,1332,18341690,0,0,Aug,Q2,2019,Warangal
20_1,2019-08-01,3784,73473475,0,0,Aug,Q2,2019,Karimnagar
19_3,2019-08-01,1715,30332822,0,0,Aug,Q2,2019,Mancherial
17_3,2019-08-01,5798,62277913,0,0,Aug,Q2,2019,Siddipet
21_5,2019-08-01,1648,19611924,0,0,Aug,Q2,2019,Mahabubabad
14_3,2019-08-01,4164,28291631,0,0,Aug,Q2,2019,Nagarkurnool
14_5,2019-08-01,1826,12672060,0,0,Aug,Q2,2019,Narayanpet
22_1,2019-08-01,5246,96601052,0,0,Aug,Q2,2019,Khammam
17_2,2019-08-01,9685,413909852,0,0,Aug,Q2,2019,Sangareddy
23_2,2019-08-01,4144,57763766,0,0,Aug,Q2,2019,Suryapet
18_2,2019-09-01,3078,28949349,0,0,Sep,Q2,2019,Kamareddy
14_1,2019-09-01,4281,64062953,0,0,Sep,Q2,2019,Mahabubnagar
21_6,2019-09-01,754,6473599,0,0,Sep,Q2,2019,Mulugu
18_1,2019-09-01,4738,54820621,0,0,Sep,Q2,2019,Nizamabad
14_4,2019-09-01,2624,17206310,0,0,Sep,Q2,2019,Wanaparthy
20_2,2019-09-01,2478,26907074,0,0,Sep,Q2,2019,Jagtial
20_1,2019-09-01,3643,63594054,0,0,Sep,Q2,2019,Karimnagar
21_1,2019-09-01,4960,135703564,0,0,Sep,Q2,2019,Hanumakonda
16_1,2019-09-01,3910,447847595,0,0,Sep,Q2,2019,Hyderabad
14_5,2019-09-01,1778,14008668,0,0,Sep,Q2,2019,Narayanpet
23_1,2019-09-01,7337,87408229,0,0,Sep,Q2,2019,Nalgonda
19_1,2019-09-01,801,15818167,0,0,Sep,Q2,2019,Adilabad
22_2,2019-09-01,611,11952990,0,0,Sep,Q2,2019,Bhadradri Kothagudem
19_3,2019-09-01,1632,23754440,0,0,Sep,Q2,2019,Mancherial
19_4,2019-09-01,280,3056614,0,0,Sep,Q2,2019,Kumurambheem Asifabad
17_2,2019-09-01,8096,436896437,0,0,Sep,Q2,2019,Sangareddy
20_3,2019-09-01,2409,21464218,0,0,Sep,Q2,2019,Rajanna Sircilla
22_1,2019-09-01,4093,81625269,0,0,Sep,Q2,2019,Khammam
21_3,2019-09-01,2452,30412836,0,0,Sep,Q2,2019,Jangoan
14_3,2019-09-01,3449,24156093,0,0,Sep,Q2,2019,Nagarkurnool
15_3,2019-09-01,2078,21904010,0,0,Sep,Q2,2019,Vikarabad
21_2,2019-09-01,1171,14836623,0,0,Sep,Q2,2019,Warangal
14_2,2019-09-01,1968,12895743,0,0,Sep,Q2,2019,Jogulamba Gadwal
19_2,2019-09-01,1675,15998743,0,0,Sep,Q2,2019,Nirmal
21_5,2019-09-01,1467,15868051,0,0,Sep,Q2,2019,Mahabubabad
20_4,2019-09-01,1574,24092340,0,0,Sep,Q2,2019,Peddapalli
23_3,2019-09-01,10060,151915060,0,0,Sep,Q2,2019,Yadadri Bhuvanagiri
15_1,2019-09-01,25274,1933407716,0,0,Sep,Q2,2019,Rangareddy
17_3,2019-09-01,5103,44403848,0,0,Sep,Q2,2019,Siddipet
17_1,2019-09-01,2251,29548372,0,0,Sep,Q2,2019,Medak
15_2,2019-09-01,12399,1009699757,0,0,Sep,Q2,2019,Medchal_Malkajgiri
23_2,2019-09-01,3335,53229881,0,0,Sep,Q2,2019,Suryapet
17_2,2019-10-01,7535,322031312,0,0,Oct,Q3,2019,Sangareddy
17_1,2019-10-01,2309,27481586,0,0,Oct,Q3,2019,Medak
15_2,2019-10-01,12870,960760982,0,0,Oct,Q3,2019,Medchal_Malkajgiri
14_5,2019-10-01,1595,11858788,0,0,Oct,Q3,2019,Narayanpet
21_3,2019-10-01,2302,28389435,0,0,Oct,Q3,2019,Jangoan
23_1,2019-10-01,6399,77880007,0,0,Oct,Q3,2019,Nalgonda
15_1,2019-10-01,24410,1808694819,0,0,Oct,Q3,2019,Rangareddy
17_3,2019-10-01,5139,53915598,0,0,Oct,Q3,2019,Siddipet
21_5,2019-10-01,1224,15367793,0,0,Oct,Q3,2019,Mahabubabad
16_1,2019-10-01,4603,612956204,0,0,Oct,Q3,2019,Hyderabad
15_3,2019-10-01,2061,29631359,0,0,Oct,Q3,2019,Vikarabad
23_2,2019-10-01,2864,48430668,0,0,Oct,Q3,2019,Suryapet
18_1,2019-10-01,4583,60778637,0,0,Oct,Q3,2019,Nizamabad
19_1,2019-10-01,881,10277285,0,0,Oct,Q3,2019,Adilabad
21_6,2019-10-01,692,5598122,0,0,Oct,Q3,2019,Mulugu
19_3,2019-10-01,1635,26801116,0,0,Oct,Q3,2019,Mancherial
20_2,2019-10-01,2180,24713520,0,0,Oct,Q3,2019,Jagtial
19_2,2019-10-01,1596,16085446,0,0,Oct,Q3,2019,Nirmal
20_1,2019-10-01,3265,66449860,0,0,Oct,Q3,2019,Karimnagar
22_1,2019-10-01,4220,81248954,0,0,Oct,Q3,2019,Khammam
20_4,2019-10-01,2008,25252869,0,0,Oct,Q3,2019,Peddapalli
14_4,2019-10-01,2576,16297175,0,0,Oct,Q3,2019,Wanaparthy
14_1,2019-10-01,4289,62143167,0,0,Oct,Q3,2019,Mahabubnagar
22_2,2019-10-01,712,12677945,0,0,Oct,Q3,2019,Bhadradri Kothagudem
14_2,2019-10-01,1909,15821250,0,0,Oct,Q3,2019,Jogulamba Gadwal
21_2,2019-10-01,1011,11442985,0,0,Oct,Q3,2019,Warangal
20_3,2019-10-01,2155,20876708,0,0,Oct,Q3,2019,Rajanna Sircilla
14_3,2019-10-01,2965,23957219,0,0,Oct,Q3,2019,Nagarkurnool
18_2,2019-10-01,2548,21200384,0,0,Oct,Q3,2019,Kamareddy
23_3,2019-10-01,8233,120542910,0,0,Oct,Q3,2019,Yadadri Bhuvanagiri
19_4,2019-10-01,239,3877226,0,0,Oct,Q3,2019,Kumurambheem Asifabad
21_1,2019-10-01,4847,143239985,0,0,Oct,Q3,2019,Hanumakonda
17_1,2019-11-01,1755,29444560,0,0,Nov,Q3,2019,Medak
19_3,2019-11-01,1563,22840845,0,0,Nov,Q3,2019,Mancherial
17_3,2019-11-01,4666,38005955,0,0,Nov,Q3,2019,Siddipet
21_3,2019-11-01,2192,63537802,0,0,Nov,Q3,2019,Jangoan
14_2,2019-11-01,1854,13905589,0,0,Nov,Q3,2019,Jogulamba Gadwal
15_3,2019-11-01,1991,23161905,0,0,Nov,Q3,2019,Vikarabad
22_2,2019-11-01,510,11605895,0,0,Nov,Q3,2019,Bhadradri Kothagudem
20_1,2019-11-01,3319,65404640,0,0,Nov,Q3,2019,Karimnagar
19_2,2019-11-01,1342,14521330,0,0,Nov,Q3,2019,Nirmal
21_6,2019-11-01,862,7577874,0,0,Nov,Q3,2019,Mulugu
14_3,2019-11-01,2774,22911353,0,0,Nov,Q3,2019,Nagarkurnool
17_2,2019-11-01,7917,326206436,0,0,Nov,Q3,2019,Sangareddy
21_5,2019-11-01,1197,16466357,0,0,Nov,Q3,2019,Mahabubabad
21_1,2019-11-01,4876,137448091,0,0,Nov,Q3,2019,Hanumakonda
15_2,2019-11-01,13243,1086466648,0,0,Nov,Q3,2019,Medchal_Malkajgiri
18_2,2019-11-01,2703,25998774,0,0,Nov,Q3,2019,Kamareddy
14_1,2019-11-01,4102,60830591,0,0,Nov,Q3,2019,Mahabubnagar
20_3,2019-11-01,1968,19924292,0,0,Nov,Q3,2019,Rajanna Sircilla
23_1,2019-11-01,5631,83622562,0,0,Nov,Q3,2019,Nalgonda
18_1,2019-11-01,4536,62130368,0,0,Nov,Q3,2019,Nizamabad
16_1,2019-11-01,5071,768221659,0,0,Nov,Q3,2019,Hyderabad
23_3,2019-11-01,7154,101753131,0,0,Nov,Q3,2019,Yadadri Bhuvanagiri
22_1,2019-11-01,4154,84400983,0,0,Nov,Q3,2019,Khammam
21_2,2019-11-01,974,15390223,0,0,Nov,Q3,2019,Warangal
14_5,2019-11-01,1495,12984080,0,0,Nov,Q3,2019,Narayanpet
14_4,2019-11-01,2321,18429221,0,0,Nov,Q3,2019,Wanaparthy
19_4,2019-11-01,318,3510685,0,0,Nov,Q3,2019,Kumurambheem Asifabad
15_1,2019-11-01,24308,1900190527,0,0,Nov,Q3,2019,Rangareddy
19_1,2019-11-01,900,14256963,0,0,Nov,Q3,2019,Adilabad
20_2,2019-11-01,2020,27837785,0,0,Nov,Q3,2019,Jagtial
23_2,2019-11-01,2756,47478958,0,0,Nov,Q3,2019,Suryapet
20_4,2019-11-01,1733,24768431,0,0,Nov,Q3,2019,Peddapalli
17_2,2019-12-01,8615,384598579,0,0,Dec,Q3,2019,Sangareddy
23_2,2019-12-01,3533,54070047,0,0,Dec,Q3,2019,Suryapet
14_1,2019-12-01,4090,88675750,0,0,Dec,Q3,2019,Mahabubnagar
18_2,2019-12-01,3231,24296657,0,0,Dec,Q3,2019,Kamareddy
20_2,2019-12-01,2681,33031207,0,0,Dec,Q3,2019,Jagtial
20_1,2019-12-01,4161,82730665,0,0,Dec,Q3,2019,Karimnagar
21_2,2019-12-01,1252,20965877,0,0,Dec,Q3,2019,Warangal
17_1,2019-12-01,2598,38030142,0,0,Dec,Q3,2019,Medak
14_2,2019-12-01,2027,13401500,0,0,Dec,Q3,2019,Jogulamba Gadwal
20_3,2019-12-01,2261,21228175,0,0,Dec,Q3,2019,Rajanna Sircilla
20_4,2019-12-01,1941,29201390,0,0,Dec,Q3,2019,Peddapalli
21_5,2019-12-01,1595,23309028,0,0,Dec,Q3,2019,Mahabubabad
15_2,2019-12-01,14416,1156263714,0,0,Dec,Q3,2019,Medchal_Malkajgiri
22_1,2019-12-01,5220,103834902,0,0,Dec,Q3,2019,Khammam
14_4,2019-12-01,2495,20932006,0,0,Dec,Q3,2019,Wanaparthy
19_2,2019-12-01,1762,19964775,0,0,Dec,Q3,2019,Nirmal
14_3,2019-12-01,3023,25540937,0,0,Dec,Q3,2019,Nagarkurnool
15_3,2019-12-01,2359,30804967,0,0,Dec,Q3,2019,Vikarabad
19_1,2019-12-01,1173,17703534,0,0,Dec,Q3,2019,Adilabad
22_2,2019-12-01,557,12473935,0,0,Dec,Q3,2019,Bhadradri Kothagudem
15_1,2019-12-01,25924,2050739767,0,0,Dec,Q3,2019,Rangareddy
21_3,2019-12-01,2604,31042865,0,0,Dec,Q3,2019,Jangoan
19_3,2019-12-01,1812,32307331,0,0,Dec,Q3,2019,Mancherial
21_1,2019-12-01,5440,163289204,0,0,Dec,Q3,2019,Hanumakonda
23_1,2019-12-01,6615,89382067,0,0,Dec,Q3,2019,Nalgonda
18_1,2019-12-01,5453,77453907,0,0,Dec,Q3,2019,Nizamabad
21_6,2019-12-01,747,6376463,0,0,Dec,Q3,2019,Mulugu
17_3,2019-12-01,5954,52786211,0,0,Dec,Q3,2019,Siddipet
16_1,2019-12-01,6061,752855272,0,0,Dec,Q3,2019,Hyderabad
19_4,2019-12-01,390,5178860,0,0,Dec,Q3,2019,Kumurambheem Asifabad
14_5,2019-12-01,1826,13948618,0,0,Dec,Q3,2019,Narayanpet
23_3,2019-12-01,8624,119971816,0,0,Dec,Q3,2019,Yadadri Bhuvanagiri
18_2,2020-01-01,3256,21360534,0,0,Jan,Q4,2019,Kamareddy
21_1,2020-01-01,5252,163242605,0,0,Jan,Q4,2019,Hanumakonda
22_2,2020-01-01,464,12467121,0,0,Jan,Q4,2019,Bhadradri Kothagudem
18_1,2020-01-01,5194,59314154,0,0,Jan,Q4,2019,Nizamabad
20_3,2020-01-01,1917,19918125,0,0,Jan,Q4,2019,Rajanna Sircilla
15_3,2020-01-01,1878,23127713,0,0,Jan,Q4,2019,Vikarabad
21_6,2020-01-01,624,5881707,0,0,Jan,Q4,2019,Mulugu
21_3,2020-01-01,2216,25500870,0,0,Jan,Q4,2019,Jangoan
20_4,2020-01-01,1528,31381830,0,0,Jan,Q4,2019,Peddapalli
16_1,2020-01-01,5293,658828489,0,0,Jan,Q4,2019,Hyderabad
14_5,2020-01-01,1512,10865635,0,0,Jan,Q4,2019,Narayanpet
19_1,2020-01-01,950,14521521,0,0,Jan,Q4,2019,Adilabad
17_2,2020-01-01,7369,280243584,0,0,Jan,Q4,2019,Sangareddy
17_1,2020-01-01,2486,44629057,0,0,Jan,Q4,2019,Medak
14_2,2020-01-01,1921,17614714,0,0,Jan,Q4,2019,Jogulamba Gadwal
14_3,2020-01-01,2730,18293182,0,0,Jan,Q4,2019,Nagarkurnool
22_1,2020-01-01,4999,93694535,0,0,Jan,Q4,2019,Khammam
15_1,2020-01-01,22237,1805104882,0,0,Jan,Q4,2019,Rangareddy
19_3,2020-01-01,1514,23052140,0,0,Jan,Q4,2019,Mancherial
20_1,2020-01-01,3236,63524654,0,0,Jan,Q4,2019,Karimnagar
21_2,2020-01-01,1049,13700735,0,0,Jan,Q4,2019,Warangal
17_3,2020-01-01,4755,38915554,0,0,Jan,Q4,2019,Siddipet
23_3,2020-01-01,6260,88354661,0,0,Jan,Q4,2019,Yadadri Bhuvanagiri
14_1,2020-01-01,3952,51248313,0,0,Jan,Q4,2019,Mahabubnagar
19_2,2020-01-01,1319,15156989,0,0,Jan,Q4,2019,Nirmal
20_2,2020-01-01,2205,26984780,0,0,Jan,Q4,2019,Jagtial
23_1,2020-01-01,5881,68267206,0,0,Jan,Q4,2019,Nalgonda
23_2,2020-01-01,3236,48049633,0,0,Jan,Q4,2019,Suryapet
15_2,2020-01-01,11954,935715174,0,0,Jan,Q4,2019,Medchal_Malkajgiri
21_5,2020-01-01,1197,15373698,0,0,Jan,Q4,2019,Mahabubabad
14_4,2020-01-01,2003,16030048,0,0,Jan,Q4,2019,Wanaparthy
19_4,2020-01-01,464,3913935,0,0,Jan,Q4,2019,Kumurambheem Asifabad
22_2,2020-02-01,586,13411321,0,0,Feb,Q4,2019,Bhadradri Kothagudem
21_1,2020-02-01,5856,177104500,0,0,Feb,Q4,2019,Hanumakonda
17_2,2020-02-01,9486,404209098,0,0,Feb,Q4,2019,Sangareddy
20_4,2020-02-01,1972,35184230,0,0,Feb,Q4,2019,Peddapalli
19_1,2020-02-01,1473,18929772,0,0,Feb,Q4,2019,Adilabad
21_3,2020-02-01,2751,32313940,0,0,Feb,Q4,2019,Jangoan
18_1,2020-02-01,5691,67972419,0,0,Feb,Q4,2019,Nizamabad
19_2,2020-02-01,1961,20439919,0,0,Feb,Q4,2019,Nirmal
23_1,2020-02-01,8209,103263040,0,0,Feb,Q4,2019,Nalgonda
19_3,2020-02-01,2173,32744775,0,0,Feb,Q4,2019,Mancherial
19_4,2020-02-01,441,4551190,0,0,Feb,Q4,2019,Kumurambheem Asifabad
18_2,2020-02-01,3789,33422107,0,0,Feb,Q4,2019,Kamareddy
20_1,2020-02-01,3807,78637089,0,0,Feb,Q4,2019,Karimnagar
23_2,2020-02-01,4852,69919895,0,0,Feb,Q4,2019,Suryapet
20_2,2020-02-01,2720,35896456,0,0,Feb,Q4,2019,Jagtial
21_2,2020-02-01,1139,16367430,0,0,Feb,Q4,2019,Warangal
21_5,2020-02-01,1626,21233617,0,0,Feb,Q4,2019,Mahabubabad
17_1,2020-02-01,3079,33549684,0,0,Feb,Q4,2019,Medak
20_3,2020-02-01,2486,24879936,0,0,Feb,Q4,2019,Rajanna Sircilla
16_1,2020-02-01,6187,738070176,0,0,Feb,Q4,2019,Hyderabad
15_3,2020-02-01,2594,30642558,0,0,Feb,Q4,2019,Vikarabad
17_3,2020-02-01,5534,45706795,0,0,Feb,Q4,2019,Siddipet
15_1,2020-02-01,26299,2200943399,0,0,Feb,Q4,2019,Rangareddy
22_1,2020-02-01,6101,113983602,0,0,Feb,Q4,2019,Khammam
14_5,2020-02-01,2130,15190030,0,0,Feb,Q4,2019,Narayanpet
14_2,2020-02-01,2098,17880967,0,0,Feb,Q4,2019,Jogulamba Gadwal
23_3,2020-02-01,7896,114481607,0,0,Feb,Q4,2019,Yadadri Bhuvanagiri
14_1,2020-02-01,4658,62577930,0,0,Feb,Q4,2019,Mahabubnagar
14_4,2020-02-01,2762,21330798,0,0,Feb,Q4,2019,Wanaparthy
15_2,2020-02-01,14898,1172865763,0,0,Feb,Q4,2019,Medchal_Malkajgiri
21_6,2020-02-01,654,6504433,0,0,Feb,Q4,2019,Mulugu
14_3,2020-02-01,3243,21676692,0,0,Feb,Q4,2019,Nagarkurnool
19_3,2020-03-01,1525,29553726,0,0,Mar,Q4,2019,Mancherial
20_4,2020-03-01,1734,28372288,0,0,Mar,Q4,2019,Peddapalli
14_2,2020-03-01,1928,12996208,0,0,Mar,Q4,2019,Jogulamba Gadwal
23_1,2020-03-01,5744,69051364,0,0,Mar,Q4,2019,Nalgonda
22_2,2020-03-01,478,21113825,0,0,Mar,Q4,2019,Bhadradri Kothagudem
16_1,2020-03-01,4552,639551082,0,0,Mar,Q4,2019,Hyderabad
14_3,2020-03-01,3065,21452512,0,0,Mar,Q4,2019,Nagarkurnool
17_2,2020-03-01,7382,389937640,0,0,Mar,Q4,2019,Sangareddy
14_1,2020-03-01,3868,86288684,0,0,Mar,Q4,2019,Mahabubnagar
14_5,2020-03-01,1839,13097423,0,0,Mar,Q4,2019,Narayanpet
17_3,2020-03-01,3711,33299677,0,0,Mar,Q4,2019,Siddipet
19_4,2020-03-01,414,3788075,0,0,Mar,Q4,2019,Kumurambheem Asifabad
21_2,2020-03-01,1122,17066492,0,0,Mar,Q4,2019,Warangal
21_3,2020-03-01,2047,21392237,0,0,Mar,Q4,2019,Jangoan
18_1,2020-03-01,4168,56216847,0,0,Mar,Q4,2019,Nizamabad
20_1,2020-03-01,3133,58938590,0,0,Mar,Q4,2019,Karimnagar
20_3,2020-03-01,2068,18392715,0,0,Mar,Q4,2019,Rajanna Sircilla
23_3,2020-03-01,5699,93196149,0,0,Mar,Q4,2019,Yadadri Bhuvanagiri
17_1,2020-03-01,2078,19040663,0,0,Mar,Q4,2019,Medak
15_2,2020-03-01,11009,827350110,0,0,Mar,Q4,2019,Medchal_Malkajgiri
21_5,2020-03-01,1061,12860578,0,0,Mar,Q4,2019,Mahabubabad
18_2,2020-03-01,2916,25385565,0,0,Mar,Q4,2019,Kamareddy
22_1,2020-03-01,4598,91595270,0,0,Mar,Q4,2019,Khammam
19_1,2020-03-01,1105,14473096,0,0,Mar,Q4,2019,Adilabad
15_1,2020-03-01,19281,1634579400,0,0,Mar,Q4,2019,Rangareddy
14_4,2020-03-01,2157,18193770,0,0,Mar,Q4,2019,Wanaparthy
20_2,2020-03-01,2014,26747225,0,0,Mar,Q4,2019,Jagtial
21_1,2020-03-01,4506,116917458,0,0,Mar,Q4,2019,Hanumakonda
21_6,2020-03-01,596,6225967,0,0,Mar,Q4,2019,Mulugu
15_3,2020-03-01,1988,21851696,0,0,Mar,Q4,2019,Vikarabad
19_2,2020-03-01,1591,16975713,0,0,Mar,Q4,2019,Nirmal
23_2,2020-03-01,3046,46034033,0,0,Mar,Q4,2019,Suryapet
18_2,2020-04-01,21,14090,0,0,Apr,Q1,2020,Kamareddy
23_1,2020-04-01,195,3249291,0,0,Apr,Q1,2020,Nalgonda
23_2,2020-04-01,188,3293465,0,0,Apr,Q1,2020,Suryapet
22_2,2020-04-01,18,719375,0,0,Apr,Q1,2020,Bhadradri Kothagudem
22_1,2020-04-01,419,868795,0,0,Apr,Q1,2020,Khammam
21_5,2020-04-01,2,0,0,0,Apr,Q1,2020,Mahabubabad
20_4,2020-04-01,46,1237635,0,0,Apr,Q1,2020,Peddapalli
20_3,2020-04-01,126,187510,0,0,Apr,Q1,2020,Rajanna Sircilla
19_3,2020-04-01,7,186260,0,0,Apr,Q1,2020,Mancherial
19_4,2020-04-01,1,0,0,0,Apr,Q1,2020,Kumurambheem Asifabad
19_2,2020-04-01,23,373625,0,0,Apr,Q1,2020,Nirmal
14_1,2020-04-01,422,7340232,0,0,Apr,Q1,2020,Mahabubnagar
21_3,2020-04-01,27,259770,0,0,Apr,Q1,2020,Jangoan
20_1,2020-04-01,90,2004050,0,0,Apr,Q1,2020,Karimnagar
18_1,2020-04-01,507,1083955,0,0,Apr,Q1,2020,Nizamabad
14_2,2020-04-01,4,30615,0,0,Apr,Q1,2020,Jogulamba Gadwal
15_1,2020-04-01,411,40548790,0,0,Apr,Q1,2020,Rangareddy
15_2,2020-04-01,155,26577040,0,0,Apr,Q1,2020,Medchal_Malkajgiri
17_1,2020-04-01,84,745700,0,0,Apr,Q1,2020,Medak
17_2,2020-04-01,115,2450622,0,0,Apr,Q1,2020,Sangareddy
14_3,2020-04-01,351,2980350,0,0,Apr,Q1,2020,Nagarkurnool
19_1,2020-04-01,9,107295,0,0,Apr,Q1,2020,Adilabad
17_3,2020-04-01,78,143310,0,0,Apr,Q1,2020,Siddipet
21_1,2020-04-01,308,8877215,0,0,Apr,Q1,2020,Hanumakonda
21_6,2020-04-01,33,246120,0,0,Apr,Q1,2020,Mulugu
15_3,2020-04-01,157,645215,0,0,Apr,Q1,2020,Vikarabad
23_3,2020-04-01,44,599955,0,0,Apr,Q1,2020,Yadadri Bhuvanagiri
14_4,2020-04-01,316,2317359,0,0,Apr,Q1,2020,Wanaparthy
21_2,2020-04-01,33,711680,0,0,Apr,Q1,2020,Warangal
14_5,2020-04-01,55,448760,0,0,Apr,Q1,2020,Narayanpet
16_1,2020-04-01,89,16746877,0,0,Apr,Q1,2020,Hyderabad
20_2,2020-04-01,158,1151995,0,0,Apr,Q1,2020,Jagtial
17_2,2020-05-01,4114,102895138,0,0,May,Q1,2020,Sangareddy
21_3,2020-05-01,1642,18028360,0,0,May,Q1,2020,Jangoan
22_2,2020-05-01,310,7120075,0,0,May,Q1,2020,Bhadradri Kothagudem
23_2,2020-05-01,2743,41541241,0,0,May,Q1,2020,Suryapet
20_2,2020-05-01,1557,21758258,0,0,May,Q1,2020,Jagtial
14_5,2020-05-01,943,7499276,0,0,May,Q1,2020,Narayanpet
20_3,2020-05-01,1425,14700340,0,0,May,Q1,2020,Rajanna Sircilla
17_1,2020-05-01,1764,16799076,0,0,May,Q1,2020,Medak
23_3,2020-05-01,3256,45967439,0,0,May,Q1,2020,Yadadri Bhuvanagiri
22_1,2020-05-01,3683,59134077,0,0,May,Q1,2020,Khammam
19_4,2020-05-01,467,4000670,0,0,May,Q1,2020,Kumurambheem Asifabad
17_3,2020-05-01,3107,27244759,0,0,May,Q1,2020,Siddipet
18_1,2020-05-01,3803,46347922,0,0,May,Q1,2020,Nizamabad
14_4,2020-05-01,1741,10955503,0,0,May,Q1,2020,Wanaparthy
20_4,2020-05-01,1247,25274662,0,0,May,Q1,2020,Peddapalli
14_2,2020-05-01,934,6993685,0,0,May,Q1,2020,Jogulamba Gadwal
19_2,2020-05-01,966,10058350,0,0,May,Q1,2020,Nirmal
15_1,2020-05-01,8235,696376142,0,0,May,Q1,2020,Rangareddy
16_1,2020-05-01,1467,195808943,0,0,May,Q1,2020,Hyderabad
14_3,2020-05-01,2547,14824532,0,0,May,Q1,2020,Nagarkurnool
19_1,2020-05-01,858,11400504,0,0,May,Q1,2020,Adilabad
21_2,2020-05-01,871,11619406,0,0,May,Q1,2020,Warangal
23_1,2020-05-01,5459,57559583,0,0,May,Q1,2020,Nalgonda
15_3,2020-05-01,1202,11190357,0,0,May,Q1,2020,Vikarabad
21_6,2020-05-01,477,4936481,0,0,May,Q1,2020,Mulugu
14_1,2020-05-01,2566,25446164,0,0,May,Q1,2020,Mahabubnagar
15_2,2020-05-01,5297,364890605,0,0,May,Q1,2020,Medchal_Malkajgiri
19_3,2020-05-01,986,16969358,0,0,May,Q1,2020,Mancherial
18_2,2020-05-01,2778,18287063,0,0,May,Q1,2020,Kamareddy
20_1,2020-05-01,2213,43473995,0,0,May,Q1,2020,Karimnagar
21_5,2020-05-01,1150,12109639,0,0,May,Q1,2020,Mahabubabad
21_1,2020-05-01,3197,103593555,0,0,May,Q1,2020,Hanumakonda
17_2,2020-06-01,7891,231403341,0,0,Jun,Q1,2020,Sangareddy
22_2,2020-06-01,1158,21166606,0,0,Jun,Q1,2020,Bhadradri Kothagudem
15_1,2020-06-01,17301,1340168790,0,0,Jun,Q1,2020,Rangareddy
20_2,2020-06-01,2861,37040260,0,0,Jun,Q1,2020,Jagtial
14_2,2020-06-01,2794,18409579,0,0,Jun,Q1,2020,Jogulamba Gadwal
17_3,2020-06-01,5158,36195705,0,0,Jun,Q1,2020,Siddipet
20_1,2020-06-01,4298,74922095,0,0,Jun,Q1,2020,Karimnagar
21_1,2020-06-01,5563,136723925,0,0,Jun,Q1,2020,Hanumakonda
20_4,2020-06-01,2041,33122565,0,0,Jun,Q1,2020,Peddapalli
14_4,2020-06-01,3460,20685876,0,0,Jun,Q1,2020,Wanaparthy
19_2,2020-06-01,2350,23977844,0,0,Jun,Q1,2020,Nirmal
21_6,2020-06-01,1203,10071357,0,0,Jun,Q1,2020,Mulugu
15_3,2020-06-01,2492,21296590,0,0,Jun,Q1,2020,Vikarabad
19_1,2020-06-01,1655,19995210,0,0,Jun,Q1,2020,Adilabad
23_1,2020-06-01,9957,93225717,0,0,Jun,Q1,2020,Nalgonda
21_5,2020-06-01,2301,25384475,0,0,Jun,Q1,2020,Mahabubabad
19_3,2020-06-01,2034,25828201,0,0,Jun,Q1,2020,Mancherial
23_2,2020-06-01,4299,48314427,0,0,Jun,Q1,2020,Suryapet
22_1,2020-06-01,6145,100011083,0,0,Jun,Q1,2020,Khammam
18_2,2020-06-01,4260,30195941,0,0,Jun,Q1,2020,Kamareddy
16_1,2020-06-01,3736,474294053,0,0,Jun,Q1,2020,Hyderabad
14_1,2020-06-01,4493,56964703,0,0,Jun,Q1,2020,Mahabubnagar
14_3,2020-06-01,4748,26260334,0,0,Jun,Q1,2020,Nagarkurnool
15_2,2020-06-01,9528,795974924,0,0,Jun,Q1,2020,Medchal_Malkajgiri
17_1,2020-06-01,3071,23888811,0,0,Jun,Q1,2020,Medak
14_5,2020-06-01,1880,13632959,0,0,Jun,Q1,2020,Narayanpet
21_3,2020-06-01,2669,24731636,0,0,Jun,Q1,2020,Jangoan
23_3,2020-06-01,6348,100788159,0,0,Jun,Q1,2020,Yadadri Bhuvanagiri
20_3,2020-06-01,2484,23699624,0,0,Jun,Q1,2020,Rajanna Sircilla
19_4,2020-06-01,686,6728775,0,0,Jun,Q1,2020,Kumurambheem Asifabad
21_2,2020-06-01,1668,20612845,0,0,Jun,Q1,2020,Warangal
18_1,2020-06-01,5664,65634582,0,0,Jun,Q1,2020,Nizamabad
21_3,2020-07-01,2626,24846073,0,0,Jul,Q2,2020,Jangoan
19_2,2020-07-01,2401,19753266,0,0,Jul,Q2,2020,Nirmal
20_1,2020-07-01,3589,56763680,0,0,Jul,Q2,2020,Karimnagar
20_2,2020-07-01,2287,31524458,0,0,Jul,Q2,2020,Jagtial
18_1,2020-07-01,4970,62997902,0,0,Jul,Q2,2020,Nizamabad
23_1,2020-07-01,8091,200034404,0,0,Jul,Q2,2020,Nalgonda
14_2,2020-07-01,2691,17486266,0,0,Jul,Q2,2020,Jogulamba Gadwal
22_1,2020-07-01,7769,81707214,0,0,Jul,Q2,2020,Khammam
21_6,2020-07-01,1014,8359419,0,0,Jul,Q2,2020,Mulugu
14_5,2020-07-01,2482,17181168,0,0,Jul,Q2,2020,Narayanpet
23_3,2020-07-01,6403,81409172,0,0,Jul,Q2,2020,Yadadri Bhuvanagiri
19_3,2020-07-01,1974,28755915,0,0,Jul,Q2,2020,Mancherial
15_1,2020-07-01,15985,1145364702,0,0,Jul,Q2,2020,Rangareddy
19_4,2020-07-01,606,5562265,0,0,Jul,Q2,2020,Kumurambheem Asifabad
17_3,2020-07-01,5047,43355386,0,0,Jul,Q2,2020,Siddipet
18_2,2020-07-01,3520,24758355,0,0,Jul,Q2,2020,Kamareddy
14_3,2020-07-01,4192,21883871,0,0,Jul,Q2,2020,Nagarkurnool
19_1,2020-07-01,1519,17391525,0,0,Jul,Q2,2020,Adilabad
21_2,2020-07-01,1553,19450450,0,0,Jul,Q2,2020,Warangal
14_4,2020-07-01,2421,14314199,0,0,Jul,Q2,2020,Wanaparthy
17_2,2020-07-01,7812,267403842,0,0,Jul,Q2,2020,Sangareddy
20_3,2020-07-01,2264,19409973,0,0,Jul,Q2,2020,Rajanna Sircilla
17_1,2020-07-01,3219,27351650,0,0,Jul,Q2,2020,Medak
22_2,2020-07-01,1050,12263135,0,0,Jul,Q2,2020,Bhadradri Kothagudem
15_2,2020-07-01,8779,779130964,0,0,Jul,Q2,2020,Medchal_Malkajgiri
23_2,2020-07-01,4253,45734277,0,0,Jul,Q2,2020,Suryapet
21_5,2020-07-01,2127,21774457,0,0,Jul,Q2,2020,Mahabubabad
20_4,2020-07-01,2008,43776827,0,0,Jul,Q2,2020,Peddapalli
14_1,2020-07-01,3696,47677705,0,0,Jul,Q2,2020,Mahabubnagar
16_1,2020-07-01,3586,444890171,0,0,Jul,Q2,2020,Hyderabad
15_3,2020-07-01,2065,18569435,0,0,Jul,Q2,2020,Vikarabad
21_1,2020-07-01,4673,140883295,0,0,Jul,Q2,2020,Hanumakonda
21_5,2020-08-01,1368,14192658,0,0,Aug,Q2,2020,Mahabubabad
15_3,2020-08-01,2101,20456003,0,0,Aug,Q2,2020,Vikarabad
23_2,2020-08-01,2927,37165592,0,0,Aug,Q2,2020,Suryapet
19_4,2020-08-01,323,4543905,0,0,Aug,Q2,2020,Kumurambheem Asifabad
20_4,2020-08-01,1587,24123858,0,0,Aug,Q2,2020,Peddapalli
18_2,2020-08-01,2645,19678104,0,0,Aug,Q2,2020,Kamareddy
22_1,2020-08-01,5690,56367917,0,0,Aug,Q2,2020,Khammam
20_3,2020-08-01,2138,17423399,0,0,Aug,Q2,2020,Rajanna Sircilla
17_1,2020-08-01,1743,14686219,0,0,Aug,Q2,2020,Medak
19_2,2020-08-01,1642,15773984,0,0,Aug,Q2,2020,Nirmal
15_2,2020-08-01,8852,748218717,0,0,Aug,Q2,2020,Medchal_Malkajgiri
15_1,2020-08-01,15826,1466457963,0,0,Aug,Q2,2020,Rangareddy
21_6,2020-08-01,554,5236969,0,0,Aug,Q2,2020,Mulugu
14_3,2020-08-01,3523,20052643,0,0,Aug,Q2,2020,Nagarkurnool
20_1,2020-08-01,3544,61381830,0,0,Aug,Q2,2020,Karimnagar
21_3,2020-08-01,1943,20663415,0,0,Aug,Q2,2020,Jangoan
14_2,2020-08-01,2045,17556449,0,0,Aug,Q2,2020,Jogulamba Gadwal
18_1,2020-08-01,5299,66790432,0,0,Aug,Q2,2020,Nizamabad
23_1,2020-08-01,5610,106279664,0,0,Aug,Q2,2020,Nalgonda
14_1,2020-08-01,2895,41587078,0,0,Aug,Q2,2020,Mahabubnagar
23_3,2020-08-01,4865,78393418,0,0,Aug,Q2,2020,Yadadri Bhuvanagiri
14_5,2020-08-01,1843,9868395,0,0,Aug,Q2,2020,Narayanpet
22_2,2020-08-01,505,10083170,0,0,Aug,Q2,2020,Bhadradri Kothagudem
21_1,2020-08-01,3586,100402366,0,0,Aug,Q2,2020,Hanumakonda
14_4,2020-08-01,2953,17381103,0,0,Aug,Q2,2020,Wanaparthy
19_3,2020-08-01,1541,24322890,0,0,Aug,Q2,2020,Mancherial
17_3,2020-08-01,3122,27329996,0,0,Aug,Q2,2020,Siddipet
20_2,2020-08-01,1678,19612368,0,0,Aug,Q2,2020,Jagtial
21_2,2020-08-01,1135,13378751,0,0,Aug,Q2,2020,Warangal
16_1,2020-08-01,3380,448254114,0,0,Aug,Q2,2020,Hyderabad
17_2,2020-08-01,6556,271109530,0,0,Aug,Q2,2020,Sangareddy
19_1,2020-08-01,1050,15949571,0,0,Aug,Q2,2020,Adilabad
16_1,2020-09-01,743,89569247,0,0,Sep,Q2,2020,Hyderabad
18_2,2020-09-01,870,4818945,0,0,Sep,Q2,2020,Kamareddy
19_3,2020-09-01,323,7613005,0,0,Sep,Q2,2020,Mancherial
21_2,2020-09-01,279,2818601,0,0,Sep,Q2,2020,Warangal
15_2,2020-09-01,1492,159247135,0,0,Sep,Q2,2020,Medchal_Malkajgiri
19_2,2020-09-01,283,2307720,0,0,Sep,Q2,2020,Nirmal
23_3,2020-09-01,734,14760342,0,0,Sep,Q2,2020,Yadadri Bhuvanagiri
19_4,2020-09-01,59,471595,0,0,Sep,Q2,2020,Kumurambheem Asifabad
20_4,2020-09-01,442,5707537,0,0,Sep,Q2,2020,Peddapalli
22_2,2020-09-01,412,4692187,0,0,Sep,Q2,2020,Bhadradri Kothagudem
15_3,2020-09-01,388,3980640,0,0,Sep,Q2,2020,Vikarabad
21_5,2020-09-01,284,3757007,0,0,Sep,Q2,2020,Mahabubabad
14_3,2020-09-01,598,2473585,0,0,Sep,Q2,2020,Nagarkurnool
14_1,2020-09-01,545,5525051,0,0,Sep,Q2,2020,Mahabubnagar
22_1,2020-09-01,1233,18346350,0,0,Sep,Q2,2020,Khammam
14_4,2020-09-01,404,1399025,0,0,Sep,Q2,2020,Wanaparthy
18_1,2020-09-01,1398,12833431,0,0,Sep,Q2,2020,Nizamabad
21_1,2020-09-01,895,23888325,0,0,Sep,Q2,2020,Hanumakonda
19_1,2020-09-01,210,3107344,0,0,Sep,Q2,2020,Adilabad
20_3,2020-09-01,410,3532090,0,0,Sep,Q2,2020,Rajanna Sircilla
17_3,2020-09-01,940,5839828,0,0,Sep,Q2,2020,Siddipet
17_2,2020-09-01,1410,86920303,0,0,Sep,Q2,2020,Sangareddy
21_3,2020-09-01,476,4925129,0,0,Sep,Q2,2020,Jangoan
21_6,2020-09-01,389,1957570,0,0,Sep,Q2,2020,Mulugu
20_2,2020-09-01,739,6131140,0,0,Sep,Q2,2020,Jagtial
23_2,2020-09-01,738,8754881,0,0,Sep,Q2,2020,Suryapet
17_1,2020-09-01,377,3690710,0,0,Sep,Q2,2020,Medak
15_1,2020-09-01,3140,378347267,0,0,Sep,Q2,2020,Rangareddy
14_2,2020-09-01,350,3198273,0,0,Sep,Q2,2020,Jogulamba Gadwal
23_1,2020-09-01,1281,13842466,0,0,Sep,Q2,2020,Nalgonda
20_1,2020-09-01,839,16567580,0,0,Sep,Q2,2020,Karimnagar
14_5,2020-09-01,574,3192380,0,0,Sep,Q2,2020,Narayanpet
23_1,2020-10-01,8,8800,0,0,Oct,Q3,2020,Nalgonda
20_3,2020-10-01,4,4400,0,0,Oct,Q3,2020,Rajanna Sircilla
20_4,2020-10-01,0,0,0,0,Oct,Q3,2020,Peddapalli
15_1,2020-10-01,77,84800,0,0,Oct,Q3,2020,Rangareddy
21_2,2020-10-01,1,1100,0,0,Oct,Q3,2020,Warangal
14_3,2020-10-01,0,0,0,0,Oct,Q3,2020,Nagarkurnool
18_1,2020-10-01,5,5500,0,0,Oct,Q3,2020,Nizamabad
18_2,2020-10-01,2,2200,0,0,Oct,Q3,2020,Kamareddy
22_2,2020-10-01,19,20900,0,0,Oct,Q3,2020,Bhadradri Kothagudem
21_5,2020-10-01,0,0,0,0,Oct,Q3,2020,Mahabubabad
14_2,2020-10-01,1,1100,0,0,Oct,Q3,2020,Jogulamba Gadwal
21_3,2020-10-01,0,0,0,0,Oct,Q3,2020,Jangoan
16_1,2020-10-01,189,215210,0,0,Oct,Q3,2020,Hyderabad
21_1,2020-10-01,23,25440,0,0,Oct,Q3,2020,Hanumakonda
23_3,2020-10-01,1,1100,0,0,Oct,Q3,2020,Yadadri Bhuvanagiri
20_1,2020-10-01,13,15400,0,0,Oct,Q3,2020,Karimnagar
19_3,2020-10-01,3,3060,0,0,Oct,Q3,2020,Mancherial
17_3,2020-10-01,4,4400,0,0,Oct,Q3,2020,Siddipet
17_1,2020-10-01,0,0,0,0,Oct,Q3,2020,Medak
23_2,2020-10-01,5,5500,0,0,Oct,Q3,2020,Suryapet
21_6,2020-10-01,0,0,0,0,Oct,Q3,2020,Mulugu
14_4,2020-10-01,1,1105,0,0,Oct,Q3,2020,Wanaparthy
14_5,2020-10-01,0,0,0,0,Oct,Q3,2020,Narayanpet
15_2,2020-10-01,73,80300,0,0,Oct,Q3,2020,Medchal_Malkajgiri
19_4,2020-10-01,0,0,0,0,Oct,Q3,2020,Kumurambheem Asifabad
17_2,2020-10-01,5,5700,0,0,Oct,Q3,2020,Sangareddy
22_1,2020-10-01,26,29700,0,0,Oct,Q3,2020,Khammam
19_2,2020-10-01,0,0,0,0,Oct,Q3,2020,Nirmal
19_1,2020-10-01,2,2200,0,0,Oct,Q3,2020,Adilabad
15_3,2020-10-01,3,3300,0,0,Oct,Q3,2020,Vikarabad
20_2,2020-10-01,11,12100,0,0,Oct,Q3,2020,Jagtial
14_1,2020-10-01,4,4400,0,0,Oct,Q3,2020,Mahabubnagar
21_5,2020-11-01,0,0,0,0,Nov,Q3,2020,Mahabubabad
15_1,2020-11-01,30,33000,0,0,Nov,Q3,2020,Rangareddy
20_2,2020-11-01,5,7500,0,0,Nov,Q3,2020,Jagtial
21_1,2020-11-01,17,18700,0,0,Nov,Q3,2020,Hanumakonda
21_2,2020-11-01,0,0,0,0,Nov,Q3,2020,Warangal
22_1,2020-11-01,13,15300,0,0,Nov,Q3,2020,Khammam
17_2,2020-11-01,3,3300,0,0,Nov,Q3,2020,Sangareddy
14_2,2020-11-01,1,1100,0,0,Nov,Q3,2020,Jogulamba Gadwal
14_3,2020-11-01,0,0,0,0,Nov,Q3,2020,Nagarkurnool
18_2,2020-11-01,2,2200,0,0,Nov,Q3,2020,Kamareddy
15_2,2020-11-01,70,77000,0,0,Nov,Q3,2020,Medchal_Malkajgiri
15_3,2020-11-01,4,4520,0,0,Nov,Q3,2020,Vikarabad
19_2,2020-11-01,0,0,0,0,Nov,Q3,2020,Nirmal
20_4,2020-11-01,2,2200,0,0,Nov,Q3,2020,Peddapalli
20_1,2020-11-01,8,8800,0,0,Nov,Q3,2020,Karimnagar
14_4,2020-11-01,0,0,0,0,Nov,Q3,2020,Wanaparthy
19_1,2020-11-01,1,1100,0,0,Nov,Q3,2020,Adilabad
23_2,2020-11-01,5,5505,0,0,Nov,Q3,2020,Suryapet
19_3,2020-11-01,2,3040,0,0,Nov,Q3,2020,Mancherial
21_6,2020-11-01,0,0,0,0,Nov,Q3,2020,Mulugu
14_5,2020-11-01,0,0,0,0,Nov,Q3,2020,Narayanpet
22_2,2020-11-01,10,12000,0,0,Nov,Q3,2020,Bhadradri Kothagudem
18_1,2020-11-01,8,8800,0,0,Nov,Q3,2020,Nizamabad
17_3,2020-11-01,3,3200,0,0,Nov,Q3,2020,Siddipet
23_3,2020-11-01,0,0,0,0,Nov,Q3,2020,Yadadri Bhuvanagiri
14_1,2020-11-01,3,6460,0,0,Nov,Q3,2020,Mahabubnagar
23_1,2020-11-01,0,0,0,0,Nov,Q3,2020,Nalgonda
16_1,2020-11-01,88,100800,0,0,Nov,Q3,2020,Hyderabad
19_4,2020-11-01,0,0,0,0,Nov,Q3,2020,Kumurambheem Asifabad
17_1,2020-11-01,0,0,0,0,Nov,Q3,2020,Medak
20_3,2020-11-01,2,2200,0,0,Nov,Q3,2020,Rajanna Sircilla
21_3,2020-11-01,0,0,0,0,Nov,Q3,2020,Jangoan
20_2,2020-12-01,344,7789379,416,9773232,Dec,Q3,2020,Jagtial
21_1,2020-12-01,1775,101218608,2174,126286106,Dec,Q3,2020,Hanumakonda
14_4,2020-12-01,428,9554012,457,9579862,Dec,Q3,2020,Wanaparthy
17_3,2020-12-01,986,27752706,947,30725742,Dec,Q3,2020,Siddipet
22_2,2020-12-01,270,11532231,329,13133485,Dec,Q3,2020,Bhadradri Kothagudem
14_1,2020-12-01,1232,29263859,1403,31343349,Dec,Q3,2020,Mahabubnagar
20_3,2020-12-01,317,4014287,313,3852147,Dec,Q3,2020,Rajanna Sircilla
19_1,2020-12-01,371,12503383,463,15525053,Dec,Q3,2020,Adilabad
23_1,2020-12-01,1741,41179158,2087,44821744,Dec,Q3,2020,Nalgonda
21_3,2020-12-01,334,7872988,365,12288108,Dec,Q3,2020,Jangoan
17_1,2020-12-01,500,14062784,429,13961250,Dec,Q3,2020,Medak
19_3,2020-12-01,503,15595943,582,16868604,Dec,Q3,2020,Mancherial
23_3,2020-12-01,1891,96353374,2487,98656120,Dec,Q3,2020,Yadadri Bhuvanagiri
17_2,2020-12-01,2877,214132651,3354,251767884,Dec,Q3,2020,Sangareddy
23_2,2020-12-01,1154,33456008,1355,38571467,Dec,Q3,2020,Suryapet
21_6,2020-12-01,127,3456418,146,3297808,Dec,Q3,2020,Mulugu
20_1,2020-12-01,955,39536355,1082,45437871,Dec,Q3,2020,Karimnagar
16_1,2020-12-01,2997,665356234,3121,648963721,Dec,Q3,2020,Hyderabad
19_2,2020-12-01,160,2977435,182,3200390,Dec,Q3,2020,Nirmal
22_1,2020-12-01,1630,75497225,1898,80565370,Dec,Q3,2020,Khammam
20_4,2020-12-01,288,8571375,325,9173345,Dec,Q3,2020,Peddapalli
18_2,2020-12-01,672,18867107,760,20196835,Dec,Q3,2020,Kamareddy
19_4,2020-12-01,43,1039265,43,1157235,Dec,Q3,2020,Kumurambheem Asifabad
18_1,2020-12-01,1463,43642023,1727,52091325,Dec,Q3,2020,Nizamabad
15_2,2020-12-01,10145,1166982096,11757,1307431183,Dec,Q3,2020,Medchal_Malkajgiri
15_3,2020-12-01,578,8169835,624,8571986,Dec,Q3,2020,Vikarabad
14_2,2020-12-01,500,7741152,581,8329820,Dec,Q3,2020,Jogulamba Gadwal
21_5,2020-12-01,229,5350370,290,7193178,Dec,Q3,2020,Mahabubabad
14_5,2020-12-01,202,1718829,233,2066770,Dec,Q3,2020,Narayanpet
14_3,2020-12-01,826,11688937,863,11959717,Dec,Q3,2020,Nagarkurnool
21_2,2020-12-01,292,6098924,280,6923601,Dec,Q3,2020,Warangal
15_1,2020-12-01,11189,1792042623,13168,2074270805,Dec,Q3,2020,Rangareddy
21_1,2021-01-01,5773,237398313,5969,220593379,Jan,Q4,2020,Hanumakonda
23_3,2021-01-01,7142,114656785,7388,126420264,Jan,Q4,2020,Yadadri Bhuvanagiri
20_1,2021-01-01,4034,110112162,4156,110928964,Jan,Q4,2020,Karimnagar
18_1,2021-01-01,7154,146747246,7515,144547418,Jan,Q4,2020,Nizamabad
19_2,2021-01-01,1427,21685795,1504,22071080,Jan,Q4,2020,Nirmal
14_2,2021-01-01,3346,41289122,3561,42898294,Jan,Q4,2020,Jogulamba Gadwal
14_4,2021-01-01,2318,27666804,2461,27289704,Jan,Q4,2020,Wanaparthy
17_2,2021-01-01,8148,590462146,8318,575419839,Jan,Q4,2020,Sangareddy
20_2,2021-01-01,1828,33896496,1881,33398373,Jan,Q4,2020,Jagtial
17_1,2021-01-01,1393,46369648,1452,45564560,Jan,Q4,2020,Medak
22_1,2021-01-01,5518,162226288,5902,166512471,Jan,Q4,2020,Khammam
15_3,2021-01-01,1747,28628045,1792,29000326,Jan,Q4,2020,Vikarabad
23_2,2021-01-01,4993,85323706,5017,82778338,Jan,Q4,2020,Suryapet
15_2,2021-01-01,20781,1925802906,20610,1812802185,Jan,Q4,2020,Medchal_Malkajgiri
19_1,2021-01-01,1952,38551614,1967,38359371,Jan,Q4,2020,Adilabad
18_2,2021-01-01,2571,36514888,2718,35840670,Jan,Q4,2020,Kamareddy
22_2,2021-01-01,803,19858466,1024,23814628,Jan,Q4,2020,Bhadradri Kothagudem
20_4,2021-01-01,1540,35298150,1526,34635106,Jan,Q4,2020,Peddapalli
14_5,2021-01-01,1414,19863923,1502,21335521,Jan,Q4,2020,Narayanpet
17_3,2021-01-01,3867,44888287,3989,46725414,Jan,Q4,2020,Siddipet
20_3,2021-01-01,1667,19340158,1700,19576930,Jan,Q4,2020,Rajanna Sircilla
16_1,2021-01-01,6473,934665789,6803,908230432,Jan,Q4,2020,Hyderabad
21_6,2021-01-01,810,9883449,898,9423286,Jan,Q4,2020,Mulugu
19_4,2021-01-01,257,4415248,283,4491698,Jan,Q4,2020,Kumurambheem Asifabad
23_1,2021-01-01,8549,129561395,8701,127273791,Jan,Q4,2020,Nalgonda
19_3,2021-01-01,2082,44855428,2139,43192088,Jan,Q4,2020,Mancherial
21_5,2021-01-01,1477,27949112,1898,32364121,Jan,Q4,2020,Mahabubabad
21_2,2021-01-01,950,18594943,1009,20731077,Jan,Q4,2020,Warangal
14_3,2021-01-01,3146,33067131,3223,33781223,Jan,Q4,2020,Nagarkurnool
14_1,2021-01-01,3954,79370990,4116,79833516,Jan,Q4,2020,Mahabubnagar
15_1,2021-01-01,29331,2927198637,30526,2998803477,Jan,Q4,2020,Rangareddy
21_3,2021-01-01,1444,30147574,1549,26590807,Jan,Q4,2020,Jangoan
21_1,2021-02-01,6344,232297899,6436,220605678,Feb,Q4,2020,Hanumakonda
20_3,2021-02-01,2238,26235213,2227,26474128,Feb,Q4,2020,Rajanna Sircilla
19_3,2021-02-01,2476,44942116,2796,48731429,Feb,Q4,2020,Mancherial
14_4,2021-02-01,1941,22259156,2016,22051415,Feb,Q4,2020,Wanaparthy
20_1,2021-02-01,4423,108104735,4568,107504751,Feb,Q4,2020,Karimnagar
14_2,2021-02-01,2537,29901052,2563,27635480,Feb,Q4,2020,Jogulamba Gadwal
23_1,2021-02-01,6963,108491776,7045,113320097,Feb,Q4,2020,Nalgonda
20_2,2021-02-01,2102,41016225,2096,41712838,Feb,Q4,2020,Jagtial
14_3,2021-02-01,2551,28537659,2585,26827361,Feb,Q4,2020,Nagarkurnool
14_1,2021-02-01,3310,71273670,3378,68717372,Feb,Q4,2020,Mahabubnagar
20_4,2021-02-01,2054,46597190,2248,48476258,Feb,Q4,2020,Peddapalli
21_2,2021-02-01,900,15494825,891,13478757,Feb,Q4,2020,Warangal
22_2,2021-02-01,1028,23092812,930,20093919,Feb,Q4,2020,Bhadradri Kothagudem
19_4,2021-02-01,206,3473879,216,3324890,Feb,Q4,2020,Kumurambheem Asifabad
15_3,2021-02-01,1437,20751052,1483,19907195,Feb,Q4,2020,Vikarabad
23_3,2021-02-01,6306,110091375,6484,109054471,Feb,Q4,2020,Yadadri Bhuvanagiri
17_2,2021-02-01,6945,444599080,7185,493804570,Feb,Q4,2020,Sangareddy
21_3,2021-02-01,1649,26715409,1679,25858843,Feb,Q4,2020,Jangoan
22_1,2021-02-01,5630,159732794,5689,159475445,Feb,Q4,2020,Khammam
18_1,2021-02-01,7167,117576137,7106,115846156,Feb,Q4,2020,Nizamabad
17_1,2021-02-01,1235,19185834,1434,21496709,Feb,Q4,2020,Medak
19_1,2021-02-01,1386,24286523,1411,22399667,Feb,Q4,2020,Adilabad
15_2,2021-02-01,18510,1629806056,18711,1595214532,Feb,Q4,2020,Medchal_Malkajgiri
21_6,2021-02-01,1179,13323411,1293,14086429,Feb,Q4,2020,Mulugu
14_5,2021-02-01,1079,14663381,1043,12734876,Feb,Q4,2020,Narayanpet
19_2,2021-02-01,1350,18523187,1343,17029208,Feb,Q4,2020,Nirmal
18_2,2021-02-01,2601,32015829,2613,32500843,Feb,Q4,2020,Kamareddy
21_5,2021-02-01,2039,35977404,1978,31061987,Feb,Q4,2020,Mahabubabad
15_1,2021-02-01,25991,2642344782,26731,2597611681,Feb,Q4,2020,Rangareddy
23_2,2021-02-01,3863,64695115,3876,59691195,Feb,Q4,2020,Suryapet
16_1,2021-02-01,6584,962450342,6668,907763211,Feb,Q4,2020,Hyderabad
17_3,2021-02-01,3383,67500024,3340,65177851,Feb,Q4,2020,Siddipet
17_2,2021-03-01,7882,597908360,8248,605185751,Mar,Q4,2020,Sangareddy
22_1,2021-03-01,5396,148814056,5721,154833480,Mar,Q4,2020,Khammam
16_1,2021-03-01,6347,887083310,6890,919447441,Mar,Q4,2020,Hyderabad
15_2,2021-03-01,19319,1686890849,20115,1759844910,Mar,Q4,2020,Medchal_Malkajgiri
22_2,2021-03-01,879,17503836,920,18245061,Mar,Q4,2020,Bhadradri Kothagudem
15_1,2021-03-01,28520,2956838178,29875,2984010113,Mar,Q4,2020,Rangareddy
14_3,2021-03-01,2700,26281387,2698,26739367,Mar,Q4,2020,Nagarkurnool
21_3,2021-03-01,2067,28609497,2129,30719167,Mar,Q4,2020,Jangoan
19_3,2021-03-01,1819,34071354,1660,32086904,Mar,Q4,2020,Mancherial
18_1,2021-03-01,6056,116813896,6373,119947201,Mar,Q4,2020,Nizamabad
23_1,2021-03-01,6987,122097867,7444,123801118,Mar,Q4,2020,Nalgonda
18_2,2021-03-01,2700,33325709,2830,34320137,Mar,Q4,2020,Kamareddy
21_2,2021-03-01,1076,16698092,1123,18517366,Mar,Q4,2020,Warangal
14_5,2021-03-01,1094,12617140,1112,12954135,Mar,Q4,2020,Narayanpet
20_3,2021-03-01,2277,26378069,2234,25457866,Mar,Q4,2020,Rajanna Sircilla
17_1,2021-03-01,1375,38983568,1346,23454589,Mar,Q4,2020,Medak
14_1,2021-03-01,3573,71235534,3810,75654410,Mar,Q4,2020,Mahabubnagar
19_4,2021-03-01,232,3533582,221,3298302,Mar,Q4,2020,Kumurambheem Asifabad
20_2,2021-03-01,2032,39405081,2075,38401196,Mar,Q4,2020,Jagtial
15_3,2021-03-01,1580,31719544,1620,31749674,Mar,Q4,2020,Vikarabad
20_4,2021-03-01,2522,53764905,2393,52096800,Mar,Q4,2020,Peddapalli
17_3,2021-03-01,3369,44438539,3446,42040655,Mar,Q4,2020,Siddipet
20_1,2021-03-01,3832,88077953,3890,91217145,Mar,Q4,2020,Karimnagar
21_6,2021-03-01,935,12748046,946,12633493,Mar,Q4,2020,Mulugu
14_4,2021-03-01,2299,25221982,2422,25002780,Mar,Q4,2020,Wanaparthy
19_2,2021-03-01,1561,21560244,1825,25447309,Mar,Q4,2020,Nirmal
23_2,2021-03-01,3564,89918145,3756,93771841,Mar,Q4,2020,Suryapet
21_5,2021-03-01,3089,39702418,3140,42205319,Mar,Q4,2020,Mahabubabad
19_1,2021-03-01,1517,24666605,1550,31751084,Mar,Q4,2020,Adilabad
23_3,2021-03-01,7395,123865951,7713,118387423,Mar,Q4,2020,Yadadri Bhuvanagiri
21_1,2021-03-01,6207,208838865,6613,223960753,Mar,Q4,2020,Hanumakonda
14_2,2021-03-01,2531,26375490,2594,26484729,Mar,Q4,2020,Jogulamba Gadwal
23_3,2021-04-01,6310,92841579,6473,95086207,Apr,Q1,2021,Yadadri Bhuvanagiri
17_1,2021-04-01,898,18397464,917,19978664,Apr,Q1,2021,Medak
15_3,2021-04-01,1287,17759965,1313,16762616,Apr,Q1,2021,Vikarabad
19_2,2021-04-01,1278,17376631,1212,16376752,Apr,Q1,2021,Nirmal
15_2,2021-04-01,13208,1205452291,13570,1131522509,Apr,Q1,2021,Medchal_Malkajgiri
20_3,2021-04-01,1403,16496300,1374,16480338,Apr,Q1,2021,Rajanna Sircilla
21_2,2021-04-01,891,15607625,912,13998410,Apr,Q1,2021,Warangal
19_4,2021-04-01,225,2735135,218,2751315,Apr,Q1,2021,Kumurambheem Asifabad
18_2,2021-04-01,2092,26448596,2110,25816135,Apr,Q1,2021,Kamareddy
22_2,2021-04-01,818,12796195,985,13743476,Apr,Q1,2021,Bhadradri Kothagudem
22_1,2021-04-01,4575,119253411,5064,126183886,Apr,Q1,2021,Khammam
21_3,2021-04-01,1178,19237074,1224,18540114,Apr,Q1,2021,Jangoan
14_1,2021-04-01,2784,51136932,2765,50954652,Apr,Q1,2021,Mahabubnagar
17_2,2021-04-01,5598,334373836,5929,381192543,Apr,Q1,2021,Sangareddy
23_2,2021-04-01,2864,45286859,3125,48886580,Apr,Q1,2021,Suryapet
14_2,2021-04-01,2143,24154048,2130,23717258,Apr,Q1,2021,Jogulamba Gadwal
14_5,2021-04-01,921,10540870,936,20859035,Apr,Q1,2021,Narayanpet
16_1,2021-04-01,4406,682848285,4595,682010609,Apr,Q1,2021,Hyderabad
19_1,2021-04-01,959,21996377,1056,16773745,Apr,Q1,2021,Adilabad
19_3,2021-04-01,1408,27409615,1469,27613236,Apr,Q1,2021,Mancherial
21_1,2021-04-01,4150,141041302,4372,140719627,Apr,Q1,2021,Hanumakonda
21_5,2021-04-01,1038,18044597,1094,14657501,Apr,Q1,2021,Mahabubabad
17_3,2021-04-01,3943,55329837,4448,63340986,Apr,Q1,2021,Siddipet
15_1,2021-04-01,21898,2018852163,22535,2083518088,Apr,Q1,2021,Rangareddy
20_1,2021-04-01,3059,74032962,3205,77657716,Apr,Q1,2021,Karimnagar
14_4,2021-04-01,1935,20806352,2006,21085087,Apr,Q1,2021,Wanaparthy
14_3,2021-04-01,2361,23353518,2493,25409508,Apr,Q1,2021,Nagarkurnool
21_6,2021-04-01,838,10806323,934,11297914,Apr,Q1,2021,Mulugu
20_4,2021-04-01,1487,37243838,1611,39987198,Apr,Q1,2021,Peddapalli
20_2,2021-04-01,1300,25835461,1301,25806876,Apr,Q1,2021,Jagtial
18_1,2021-04-01,4054,68844805,4121,66604950,Apr,Q1,2021,Nizamabad
23_1,2021-04-01,5901,96865061,5915,94722515,Apr,Q1,2021,Nalgonda
23_1,2021-05-01,1334,22656148,1274,20381319,May,Q1,2021,Nalgonda
21_3,2021-05-01,189,2806900,162,2385470,May,Q1,2021,Jangoan
19_4,2021-05-01,48,720178,46,723798,May,Q1,2021,Kumurambheem Asifabad
14_5,2021-05-01,220,13008376,224,2413041,May,Q1,2021,Narayanpet
20_2,2021-05-01,244,4743434,246,4568479,May,Q1,2021,Jagtial
22_2,2021-05-01,467,7491966,343,5194282,May,Q1,2021,Bhadradri Kothagudem
18_1,2021-05-01,1115,23028397,1132,21282193,May,Q1,2021,Nizamabad
23_3,2021-05-01,2039,38327504,1995,33281833,May,Q1,2021,Yadadri Bhuvanagiri
17_3,2021-05-01,1289,16026009,985,12804207,May,Q1,2021,Siddipet
22_1,2021-05-01,2072,51282739,1664,42575293,May,Q1,2021,Khammam
15_1,2021-05-01,4750,396668147,4619,407873854,May,Q1,2021,Rangareddy
17_2,2021-05-01,1761,111249215,2466,89184701,May,Q1,2021,Sangareddy
14_2,2021-05-01,423,5395294,475,5403462,May,Q1,2021,Jogulamba Gadwal
20_1,2021-05-01,893,27258144,598,15656499,May,Q1,2021,Karimnagar
15_2,2021-05-01,2885,252478745,3101,273491208,May,Q1,2021,Medchal_Malkajgiri
16_1,2021-05-01,1074,147110463,1038,131457662,May,Q1,2021,Hyderabad
21_1,2021-05-01,635,16859754,576,18688358,May,Q1,2021,Hanumakonda
20_4,2021-05-01,387,10313321,361,8984989,May,Q1,2021,Peddapalli
14_1,2021-05-01,652,18952470,718,18902087,May,Q1,2021,Mahabubnagar
18_2,2021-05-01,333,4934615,325,4392132,May,Q1,2021,Kamareddy
15_3,2021-05-01,353,6225242,332,5497733,May,Q1,2021,Vikarabad
19_3,2021-05-01,465,9010112,333,5774866,May,Q1,2021,Mancherial
19_2,2021-05-01,396,5294856,366,4615699,May,Q1,2021,Nirmal
14_3,2021-05-01,709,5954941,624,4996377,May,Q1,2021,Nagarkurnool
19_1,2021-05-01,284,5482999,239,5026531,May,Q1,2021,Adilabad
20_3,2021-05-01,142,1487250,153,1638261,May,Q1,2021,Rajanna Sircilla
23_2,2021-05-01,1083,21806323,978,16786860,May,Q1,2021,Suryapet
21_2,2021-05-01,250,3914733,215,3279027,May,Q1,2021,Warangal
14_4,2021-05-01,233,3717639,287,3711965,May,Q1,2021,Wanaparthy
21_5,2021-05-01,366,5058509,297,4463020,May,Q1,2021,Mahabubabad
17_1,2021-05-01,258,6853638,236,5672243,May,Q1,2021,Medak
21_6,2021-05-01,161,2048729,94,1263297,May,Q1,2021,Mulugu
19_1,2021-06-01,1088,17827544,2045,18942852,Jun,Q1,2021,Adilabad
15_3,2021-06-01,1140,19334338,1188,21226533,Jun,Q1,2021,Vikarabad
21_5,2021-06-01,693,11010800,912,15853933,Jun,Q1,2021,Mahabubabad
20_2,2021-06-01,1185,25505798,1309,27480640,Jun,Q1,2021,Jagtial
23_2,2021-06-01,2777,45943674,3339,55359358,Jun,Q1,2021,Suryapet
19_2,2021-06-01,1115,14269120,1194,15483510,Jun,Q1,2021,Nirmal
14_2,2021-06-01,1664,20198618,1712,21039131,Jun,Q1,2021,Jogulamba Gadwal
15_1,2021-06-01,18333,2077594946,20683,2221325990,Jun,Q1,2021,Rangareddy
21_6,2021-06-01,563,7522650,587,7432563,Jun,Q1,2021,Mulugu
21_1,2021-06-01,3600,163961756,4244,172634527,Jun,Q1,2021,Hanumakonda
20_4,2021-06-01,1274,33853944,1480,38808666,Jun,Q1,2021,Peddapalli
17_2,2021-06-01,5522,365428582,5912,429095813,Jun,Q1,2021,Sangareddy
14_4,2021-06-01,1656,19264341,1760,19135225,Jun,Q1,2021,Wanaparthy
20_1,2021-06-01,2758,66862041,3051,72910750,Jun,Q1,2021,Karimnagar
17_1,2021-06-01,836,25002516,984,26019782,Jun,Q1,2021,Medak
23_3,2021-06-01,4484,62799321,4877,69270361,Jun,Q1,2021,Yadadri Bhuvanagiri
19_4,2021-06-01,159,2423000,173,2646000,Jun,Q1,2021,Kumurambheem Asifabad
22_2,2021-06-01,514,14130043,647,15830461,Jun,Q1,2021,Bhadradri Kothagudem
21_2,2021-06-01,642,11696358,694,12260434,Jun,Q1,2021,Warangal
14_5,2021-06-01,773,9847223,807,20747984,Jun,Q1,2021,Narayanpet
20_3,2021-06-01,1924,21477044,2047,22282195,Jun,Q1,2021,Rajanna Sircilla
17_3,2021-06-01,2606,36753643,2941,38608750,Jun,Q1,2021,Siddipet
19_3,2021-06-01,749,13915625,1110,23605893,Jun,Q1,2021,Mancherial
18_1,2021-06-01,4124,74337430,5103,81996371,Jun,Q1,2021,Nizamabad
21_3,2021-06-01,920,16105494,1033,18038464,Jun,Q1,2021,Jangoan
15_2,2021-06-01,12698,1212507633,13960,1296136572,Jun,Q1,2021,Medchal_Malkajgiri
22_1,2021-06-01,4310,115630066,4964,125990133,Jun,Q1,2021,Khammam
23_1,2021-06-01,4721,79515393,5143,83238729,Jun,Q1,2021,Nalgonda
14_1,2021-06-01,2509,59654363,2583,81201988,Jun,Q1,2021,Mahabubnagar
14_3,2021-06-01,2104,22910805,2237,22144487,Jun,Q1,2021,Nagarkurnool
16_1,2021-06-01,4210,674274892,4776,762319760,Jun,Q1,2021,Hyderabad
18_2,2021-06-01,1940,26525454,2169,29840275,Jun,Q1,2021,Kamareddy
15_3,2021-07-01,1524,32843979,1646,32820156,Jul,Q2,2021,Vikarabad
21_1,2021-07-01,5000,205332602,5632,204547161,Jul,Q2,2021,Hanumakonda
20_3,2021-07-01,1837,25197803,1846,25639313,Jul,Q2,2021,Rajanna Sircilla
17_1,2021-07-01,938,26412445,1009,48418709,Jul,Q2,2021,Medak
20_4,2021-07-01,1771,46881606,2002,47390191,Jul,Q2,2021,Peddapalli
17_2,2021-07-01,6496,590248802,7688,668815328,Jul,Q2,2021,Sangareddy
15_2,2021-07-01,17250,1974813893,18317,1974476551,Jul,Q2,2021,Medchal_Malkajgiri
15_1,2021-07-01,25965,3702422339,28135,3912082631,Jul,Q2,2021,Rangareddy
23_2,2021-07-01,3969,80718337,4042,76322991,Jul,Q2,2021,Suryapet
14_2,2021-07-01,1749,26128675,1816,24517437,Jul,Q2,2021,Jogulamba Gadwal
20_2,2021-07-01,1697,39225545,1789,39518482,Jul,Q2,2021,Jagtial
16_1,2021-07-01,6252,1189609992,6891,1274721234,Jul,Q2,2021,Hyderabad
21_5,2021-07-01,1445,30124782,1826,31574314,Jul,Q2,2021,Mahabubabad
22_2,2021-07-01,730,22337496,831,23630913,Jul,Q2,2021,Bhadradri Kothagudem
14_1,2021-07-01,2997,103057135,3165,83807604,Jul,Q2,2021,Mahabubnagar
14_4,2021-07-01,1805,23088238,1913,22886646,Jul,Q2,2021,Wanaparthy
21_2,2021-07-01,773,15157231,861,15276247,Jul,Q2,2021,Warangal
19_3,2021-07-01,1430,35496990,1490,33985799,Jul,Q2,2021,Mancherial
22_1,2021-07-01,5374,167129346,5680,166873837,Jul,Q2,2021,Khammam
19_1,2021-07-01,954,24147947,1557,23725423,Jul,Q2,2021,Adilabad
18_1,2021-07-01,4979,109687322,5839,113775408,Jul,Q2,2021,Nizamabad
23_3,2021-07-01,6733,147871036,7041,150448956,Jul,Q2,2021,Yadadri Bhuvanagiri
18_2,2021-07-01,2315,42131544,2484,41047678,Jul,Q2,2021,Kamareddy
20_1,2021-07-01,3489,96441709,3621,96311428,Jul,Q2,2021,Karimnagar
21_3,2021-07-01,1072,19283392,1082,19257115,Jul,Q2,2021,Jangoan
17_3,2021-07-01,3780,59350115,3810,61291921,Jul,Q2,2021,Siddipet
14_5,2021-07-01,834,22507198,915,12356449,Jul,Q2,2021,Narayanpet
21_6,2021-07-01,705,9359180,763,9544185,Jul,Q2,2021,Mulugu
14_3,2021-07-01,2352,30641439,2470,32201673,Jul,Q2,2021,Nagarkurnool
19_2,2021-07-01,1181,18777018,1279,20041816,Jul,Q2,2021,Nirmal
19_4,2021-07-01,248,3471375,258,3493455,Jul,Q2,2021,Kumurambheem Asifabad
23_1,2021-07-01,6327,135986699,6743,148708243,Jul,Q2,2021,Nalgonda
23_2,2021-08-01,3061,80529989,3149,78220990,Aug,Q2,2021,Suryapet
20_1,2021-08-01,2717,97171177,2884,102690146,Aug,Q2,2021,Karimnagar
23_3,2021-08-01,4831,163372028,5179,165699671,Aug,Q2,2021,Yadadri Bhuvanagiri
14_3,2021-08-01,1879,32000265,1982,31374981,Aug,Q2,2021,Nagarkurnool
22_1,2021-08-01,4162,163737361,4307,161366554,Aug,Q2,2021,Khammam
20_4,2021-08-01,1252,49098127,1297,48473037,Aug,Q2,2021,Peddapalli
21_5,2021-08-01,1419,29554141,1431,29128733,Aug,Q2,2021,Mahabubabad
17_1,2021-08-01,696,26867814,721,26172990,Aug,Q2,2021,Medak
18_2,2021-08-01,1697,35489556,1827,34963355,Aug,Q2,2021,Kamareddy
21_2,2021-08-01,743,17734120,795,17942328,Aug,Q2,2021,Warangal
15_2,2021-08-01,12403,1492750152,13487,1516534407,Aug,Q2,2021,Medchal_Malkajgiri
19_4,2021-08-01,152,3689413,145,3539843,Aug,Q2,2021,Kumurambheem Asifabad
17_2,2021-08-01,5741,651691746,5845,575969565,Aug,Q2,2021,Sangareddy
14_2,2021-08-01,1218,19959853,1269,20241078,Aug,Q2,2021,Jogulamba Gadwal
23_1,2021-08-01,4721,136671501,4820,127952309,Aug,Q2,2021,Nalgonda
20_3,2021-08-01,1468,29893907,1461,29608047,Aug,Q2,2021,Rajanna Sircilla
18_1,2021-08-01,4356,117415214,4758,118814225,Aug,Q2,2021,Nizamabad
15_1,2021-08-01,18465,2571595770,20042,2680426002,Aug,Q2,2021,Rangareddy
14_5,2021-08-01,603,12875545,644,13511899,Aug,Q2,2021,Narayanpet
16_1,2021-08-01,4890,934405550,5266,882327191,Aug,Q2,2021,Hyderabad
20_2,2021-08-01,1440,39375784,1510,38376257,Aug,Q2,2021,Jagtial
17_3,2021-08-01,2618,46892825,2579,45848925,Aug,Q2,2021,Siddipet
14_4,2021-08-01,1314,23947508,1406,24354095,Aug,Q2,2021,Wanaparthy
14_1,2021-08-01,2411,66454883,2548,67040597,Aug,Q2,2021,Mahabubnagar
21_1,2021-08-01,4090,202169425,4613,209279113,Aug,Q2,2021,Hanumakonda
21_3,2021-08-01,861,19007378,894,18586944,Aug,Q2,2021,Jangoan
19_2,2021-08-01,918,18067136,946,18329133,Aug,Q2,2021,Nirmal
15_3,2021-08-01,1334,34284292,1898,55454411,Aug,Q2,2021,Vikarabad
21_6,2021-08-01,481,12810142,595,14457244,Aug,Q2,2021,Mulugu
19_1,2021-08-01,847,25608861,1014,28090487,Aug,Q2,2021,Adilabad
22_2,2021-08-01,955,22741421,984,21271566,Aug,Q2,2021,Bhadradri Kothagudem
19_3,2021-08-01,1840,35877229,2068,34150458,Aug,Q2,2021,Mancherial
23_2,2021-10-01,2427,72909289,2589,70342678,Oct,Q3,2021,Suryapet
15_3,2021-10-01,1393,39568722,1273,32828538,Oct,Q3,2021,Vikarabad
15_2,2021-10-01,13212,1678856481,13894,1642644403,Oct,Q3,2021,Medchal_Malkajgiri
20_4,2021-10-01,1091,43566119,1172,41833639,Oct,Q3,2021,Peddapalli
23_3,2021-10-01,4395,166735167,4650,167608146,Oct,Q3,2021,Yadadri Bhuvanagiri
14_1,2021-10-01,2700,79052206,2816,82062938,Oct,Q3,2021,Mahabubnagar
21_1,2021-10-01,3492,214491909,3760,211963276,Oct,Q3,2021,Hanumakonda
20_3,2021-10-01,1188,21876822,1217,22346034,Oct,Q3,2021,Rajanna Sircilla
16_1,2021-10-01,4802,1067410975,5429,1089718097,Oct,Q3,2021,Hyderabad
18_2,2021-10-01,1587,35143474,1620,36337889,Oct,Q3,2021,Kamareddy
14_4,2021-10-01,1382,27753248,1416,27559323,Oct,Q3,2021,Wanaparthy
22_1,2021-10-01,4063,160562243,3964,148888680,Oct,Q3,2021,Khammam
21_5,2021-10-01,986,21226242,943,18441385,Oct,Q3,2021,Mahabubabad
14_3,2021-10-01,1999,42083801,2135,39644136,Oct,Q3,2021,Nagarkurnool
21_2,2021-10-01,725,15529770,725,15400161,Oct,Q3,2021,Warangal
19_2,2021-10-01,1855,37090378,1822,34275814,Oct,Q3,2021,Nirmal
19_3,2021-10-01,944,31341444,1084,36975415,Oct,Q3,2021,Mancherial
19_1,2021-10-01,1297,53133516,1351,53889596,Oct,Q3,2021,Adilabad
17_1,2021-10-01,811,26544033,859,29513478,Oct,Q3,2021,Medak
22_2,2021-10-01,724,22282163,892,24861508,Oct,Q3,2021,Bhadradri Kothagudem
14_5,2021-10-01,695,30798357,744,31681987,Oct,Q3,2021,Narayanpet
18_1,2021-10-01,4199,124524036,4368,130966758,Oct,Q3,2021,Nizamabad
17_2,2021-10-01,5494,573226514,5800,582851656,Oct,Q3,2021,Sangareddy
23_1,2021-10-01,4500,119963039,4525,115813911,Oct,Q3,2021,Nalgonda
17_3,2021-10-01,2780,52619514,3016,56222908,Oct,Q3,2021,Siddipet
14_2,2021-10-01,1397,24786547,1439,24145791,Oct,Q3,2021,Jogulamba Gadwal
20_2,2021-10-01,1463,49752658,1493,51568617,Oct,Q3,2021,Jagtial
19_4,2021-10-01,129,9019730,146,5409305,Oct,Q3,2021,Kumurambheem Asifabad
15_1,2021-10-01,19561,2689013140,20785,2695026933,Oct,Q3,2021,Rangareddy
21_3,2021-10-01,910,22237418,973,20877348,Oct,Q3,2021,Jangoan
21_6,2021-10-01,750,15757687,757,14385239,Oct,Q3,2021,Mulugu
20_1,2021-10-01,2815,110778010,2818,106623255,Oct,Q3,2021,Karimnagar
21_2,2021-11-01,541,12005752,560,12146441,Nov,Q3,2021,Warangal
18_2,2021-11-01,1532,34130107,1595,30866530,Nov,Q3,2021,Kamareddy
14_3,2021-11-01,2210,31996967,2193,38927199,Nov,Q3,2021,Nagarkurnool
16_1,2021-11-01,5114,1067020226,5672,1104141226,Nov,Q3,2021,Hyderabad
14_5,2021-11-01,735,13091576,746,12507056,Nov,Q3,2021,Narayanpet
14_2,2021-11-01,1329,21440970,1364,21543338,Nov,Q3,2021,Jogulamba Gadwal
20_1,2021-11-01,2386,100625337,2522,100137870,Nov,Q3,2021,Karimnagar
17_2,2021-11-01,5666,671048962,6226,698017526,Nov,Q3,2021,Sangareddy
21_3,2021-11-01,838,16587508,916,17645342,Nov,Q3,2021,Jangoan
21_1,2021-11-01,3144,174374187,3511,180127540,Nov,Q3,2021,Hanumakonda
23_2,2021-11-01,2256,65486984,2403,66807701,Nov,Q3,2021,Suryapet
19_1,2021-11-01,1038,27833366,1123,31049706,Nov,Q3,2021,Adilabad
17_3,2021-11-01,3140,66192075,3125,64726460,Nov,Q3,2021,Siddipet
23_1,2021-11-01,3837,104360769,3914,104877460,Nov,Q3,2021,Nalgonda
15_2,2021-11-01,14532,2115731374,15485,2101100602,Nov,Q3,2021,Medchal_Malkajgiri
20_4,2021-11-01,975,43242775,1005,45667490,Nov,Q3,2021,Peddapalli
22_2,2021-11-01,998,24688113,961,27893170,Nov,Q3,2021,Bhadradri Kothagudem
15_3,2021-11-01,1271,35073808,1203,34889988,Nov,Q3,2021,Vikarabad
19_2,2021-11-01,1240,26276603,1396,27483419,Nov,Q3,2021,Nirmal
21_5,2021-11-01,620,16547173,754,18720698,Nov,Q3,2021,Mahabubabad
14_4,2021-11-01,1287,27596461,1316,26624927,Nov,Q3,2021,Wanaparthy
22_1,2021-11-01,3540,158338406,3749,156684882,Nov,Q3,2021,Khammam
14_1,2021-11-01,2527,79043084,2610,76616047,Nov,Q3,2021,Mahabubnagar
15_1,2021-11-01,20712,3508006943,21708,3451237270,Nov,Q3,2021,Rangareddy
21_6,2021-11-01,525,9295369,574,9714305,Nov,Q3,2021,Mulugu
20_2,2021-11-01,1270,36626576,1354,36884199,Nov,Q3,2021,Jagtial
19_3,2021-11-01,1341,52011274,1394,49958633,Nov,Q3,2021,Mancherial
18_1,2021-11-01,4057,118192065,4335,113029788,Nov,Q3,2021,Nizamabad
19_4,2021-11-01,180,4439625,195,4769335,Nov,Q3,2021,Kumurambheem Asifabad
17_1,2021-11-01,827,26198223,883,68482520,Nov,Q3,2021,Medak
20_3,2021-11-01,1121,21606293,1144,21402553,Nov,Q3,2021,Rajanna Sircilla
23_3,2021-11-01,5347,219058139,5548,164236595,Nov,Q3,2021,Yadadri Bhuvanagiri
15_2,2021-12-01,17138,2212551723,17652,2183038596,Dec,Q3,2021,Medchal_Malkajgiri
22_1,2021-12-01,3856,163622183,3971,164356449,Dec,Q3,2021,Khammam
18_2,2021-12-01,1970,49249333,1984,48736391,Dec,Q3,2021,Kamareddy
17_3,2021-12-01,4030,121626897,3939,115877153,Dec,Q3,2021,Siddipet
17_2,2021-12-01,7192,880575591,7596,849615176,Dec,Q3,2021,Sangareddy
16_1,2021-12-01,6405,1318851223,6892,1281279530,Dec,Q3,2021,Hyderabad
23_1,2021-12-01,4643,119571114,4683,121657487,Dec,Q3,2021,Nalgonda
22_2,2021-12-01,698,30121238,762,31991198,Dec,Q3,2021,Bhadradri Kothagudem
19_4,2021-12-01,277,9699955,255,9090440,Dec,Q3,2021,Kumurambheem Asifabad
21_6,2021-12-01,1045,22083926,1046,21728281,Dec,Q3,2021,Mulugu
14_4,2021-12-01,1476,32867349,1493,33258428,Dec,Q3,2021,Wanaparthy
14_1,2021-12-01,3192,103687749,3287,110176889,Dec,Q3,2021,Mahabubnagar
21_5,2021-12-01,961,25713764,986,25846134,Dec,Q3,2021,Mahabubabad
23_2,2021-12-01,2895,80479329,3235,86968393,Dec,Q3,2021,Suryapet
21_1,2021-12-01,4299,218032538,4732,216151574,Dec,Q3,2021,Hanumakonda
20_3,2021-12-01,1982,36218391,1954,37787786,Dec,Q3,2021,Rajanna Sircilla
14_2,2021-12-01,1585,28565560,1670,28797342,Dec,Q3,2021,Jogulamba Gadwal
15_3,2021-12-01,1699,48997569,1590,48179813,Dec,Q3,2021,Vikarabad
19_2,2021-12-01,1873,40547506,1847,41350121,Dec,Q3,2021,Nirmal
21_3,2021-12-01,1169,27514562,1142,26379563,Dec,Q3,2021,Jangoan
20_2,2021-12-01,1724,50518882,1707,48460675,Dec,Q3,2021,Jagtial
15_1,2021-12-01,23804,3615678359,24783,3637276396,Dec,Q3,2021,Rangareddy
20_4,2021-12-01,1361,55446849,1379,53328909,Dec,Q3,2021,Peddapalli
14_5,2021-12-01,837,31344341,857,31847116,Dec,Q3,2021,Narayanpet
14_3,2021-12-01,3089,52192716,3219,47202507,Dec,Q3,2021,Nagarkurnool
18_1,2021-12-01,4755,131511775,4988,130736443,Dec,Q3,2021,Nizamabad
23_3,2021-12-01,5929,153961808,6095,153765224,Dec,Q3,2021,Yadadri Bhuvanagiri
20_1,2021-12-01,3131,119363831,3305,125751257,Dec,Q3,2021,Karimnagar
19_1,2021-12-01,1485,40220723,1535,38525942,Dec,Q3,2021,Adilabad
21_2,2021-12-01,648,15184534,707,16336369,Dec,Q3,2021,Warangal
17_1,2021-12-01,1101,104759473,1037,83598913,Dec,Q3,2021,Medak
19_3,2021-12-01,1972,51517883,1947,51652128,Dec,Q3,2021,Mancherial
21_1,2022-01-01,4562,232096344,5460,264045590,Jan,Q4,2021,Hanumakonda
15_2,2022-01-01,15706,2169471006,17268,2665104212,Jan,Q4,2021,Medchal_Malkajgiri
18_1,2022-01-01,4977,140585453,5888,161862023,Jan,Q4,2021,Nizamabad
22_1,2022-01-01,4395,194046973,5230,218422134,Jan,Q4,2021,Khammam
14_4,2022-01-01,2338,50976287,2465,52110450,Jan,Q4,2021,Wanaparthy
14_2,2022-01-01,2215,41168334,2307,41604911,Jan,Q4,2021,Jogulamba Gadwal
23_1,2022-01-01,4902,121215791,5928,153618985,Jan,Q4,2021,Nalgonda
23_3,2022-01-01,7001,192510226,7652,200414542,Jan,Q4,2021,Yadadri Bhuvanagiri
14_3,2022-01-01,2877,50275984,3197,55146270,Jan,Q4,2021,Nagarkurnool
17_3,2022-01-01,3888,82190825,4578,105300788,Jan,Q4,2021,Siddipet
15_3,2022-01-01,1896,50425061,2092,56742389,Jan,Q4,2021,Vikarabad
22_2,2022-01-01,1068,32400076,1314,31103873,Jan,Q4,2021,Bhadradri Kothagudem
19_4,2022-01-01,393,10153318,402,10057788,Jan,Q4,2021,Kumurambheem Asifabad
23_2,2022-01-01,3327,93400275,3828,106625284,Jan,Q4,2021,Suryapet
19_2,2022-01-01,1819,42181883,1997,42101890,Jan,Q4,2021,Nirmal
16_1,2022-01-01,6399,1441794229,7064,1505730143,Jan,Q4,2021,Hyderabad
20_4,2022-01-01,1304,72953110,1390,75302675,Jan,Q4,2021,Peddapalli
17_1,2022-01-01,945,33058649,1230,58770482,Jan,Q4,2021,Medak
19_1,2022-01-01,912,34039364,1106,42235839,Jan,Q4,2021,Adilabad
15_1,2022-01-01,24420,4073496212,27045,4294273078,Jan,Q4,2021,Rangareddy
18_2,2022-01-01,1915,40479027,2233,47730961,Jan,Q4,2021,Kamareddy
14_1,2022-01-01,3788,118531201,3941,129427844,Jan,Q4,2021,Mahabubnagar
17_2,2022-01-01,6788,686612911,7613,747976314,Jan,Q4,2021,Sangareddy
21_2,2022-01-01,1169,32057800,1182,29632083,Jan,Q4,2021,Warangal
21_6,2022-01-01,1107,24526478,1159,24606912,Jan,Q4,2021,Mulugu
21_3,2022-01-01,1396,34236444,1753,44214497,Jan,Q4,2021,Jangoan
19_3,2022-01-01,2648,67554192,2991,72899647,Jan,Q4,2021,Mancherial
14_5,2022-01-01,1059,22639595,1166,25929441,Jan,Q4,2021,Narayanpet
20_2,2022-01-01,2003,66055855,2282,73044624,Jan,Q4,2021,Jagtial
21_5,2022-01-01,1397,34297858,1837,39541151,Jan,Q4,2021,Mahabubabad
20_3,2022-01-01,1970,42329849,2241,47503534,Jan,Q4,2021,Rajanna Sircilla
20_1,2022-01-01,3637,145167467,3674,137772320,Jan,Q4,2021,Karimnagar
21_2,2022-02-01,527,12515224,578,13525775,Feb,Q4,2021,Warangal
21_3,2022-02-01,1536,39745172,1390,34906794,Feb,Q4,2021,Jangoan
21_5,2022-02-01,1212,27972547,1172,28325138,Feb,Q4,2021,Mahabubabad
21_6,2022-02-01,685,7616197,724,10465247,Feb,Q4,2021,Mulugu
22_1,2022-02-01,3795,165983684,3614,140770913,Feb,Q4,2021,Khammam
19_1,2022-02-01,1012,36168146,994,29696344,Feb,Q4,2021,Adilabad
15_2,2022-02-01,13665,1776413066,14032,1672580822,Feb,Q4,2021,Medchal_Malkajgiri
16_1,2022-02-01,4957,1019440778,5451,975133672,Feb,Q4,2021,Hyderabad
20_2,2022-02-01,1556,46134368,1445,39661362,Feb,Q4,2021,Jagtial
15_1,2022-02-01,19924,3651414062,20412,3255572073,Feb,Q4,2021,Rangareddy
19_4,2022-02-01,176,4595920,194,4968575,Feb,Q4,2021,Kumurambheem Asifabad
17_1,2022-02-01,1056,65699784,988,50614845,Feb,Q4,2021,Medak
14_5,2022-02-01,696,15145845,695,14253893,Feb,Q4,2021,Narayanpet
23_2,2022-02-01,2880,86450101,2596,79605540,Feb,Q4,2021,Suryapet
23_3,2022-02-01,5370,161878005,5376,156411004,Feb,Q4,2021,Yadadri Bhuvanagiri
17_2,2022-02-01,6497,710409599,6523,695995363,Feb,Q4,2021,Sangareddy
20_3,2022-02-01,1583,37596254,1520,31933233,Feb,Q4,2021,Rajanna Sircilla
15_3,2022-02-01,1278,39164928,1260,33263794,Feb,Q4,2021,Vikarabad
19_3,2022-02-01,1947,58674988,1879,54350793,Feb,Q4,2021,Mancherial
17_3,2022-02-01,3339,91021281,3142,93806277,Feb,Q4,2021,Siddipet
14_4,2022-02-01,1576,31646259,1641,31026244,Feb,Q4,2021,Wanaparthy
19_2,2022-02-01,1345,28738636,1553,38670276,Feb,Q4,2021,Nirmal
21_1,2022-02-01,4261,237596797,4122,201110125,Feb,Q4,2021,Hanumakonda
18_2,2022-02-01,1717,41139915,1667,36301798,Feb,Q4,2021,Kamareddy
14_1,2022-02-01,2841,102687336,2931,88469993,Feb,Q4,2021,Mahabubnagar
14_3,2022-02-01,1894,35847907,1869,32213565,Feb,Q4,2021,Nagarkurnool
23_1,2022-02-01,4724,136999151,4196,105561293,Feb,Q4,2021,Nalgonda
14_2,2022-02-01,1258,24239635,1301,23196859,Feb,Q4,2021,Jogulamba Gadwal
20_1,2022-02-01,2333,86873097,2596,98810495,Feb,Q4,2021,Karimnagar
22_2,2022-02-01,956,22684755,1040,27266010,Feb,Q4,2021,Bhadradri Kothagudem
20_4,2022-02-01,814,38336268,891,40357221,Feb,Q4,2021,Peddapalli
18_1,2022-02-01,4032,117127388,3664,97950435,Feb,Q4,2021,Nizamabad
21_3,2022-03-01,1687,43125792,1725,40827202,Mar,Q4,2021,Jangoan
15_3,2022-03-01,1664,49549636,1691,49760528,Mar,Q4,2021,Vikarabad
23_2,2022-03-01,3199,104303613,3622,106924561,Mar,Q4,2021,Suryapet
21_5,2022-03-01,1548,37974048,1635,37841324,Mar,Q4,2021,Mahabubabad
23_1,2022-03-01,5272,142261728,5431,144746643,Mar,Q4,2021,Nalgonda
19_2,2022-03-01,1705,46737242,1544,35149635,Mar,Q4,2021,Nirmal
16_1,2022-03-01,5768,1169123561,6445,1204838825,Mar,Q4,2021,Hyderabad
17_2,2022-03-01,7009,769519359,7907,803722274,Mar,Q4,2021,Sangareddy
21_2,2022-03-01,976,22753979,1064,23660304,Mar,Q4,2021,Warangal
19_3,2022-03-01,2020,54835460,2082,53289363,Mar,Q4,2021,Mancherial
22_1,2022-03-01,4049,183935849,4326,192511527,Mar,Q4,2021,Khammam
18_1,2022-03-01,4403,125802861,4665,128191400,Mar,Q4,2021,Nizamabad
17_1,2022-03-01,1212,68223391,1262,65025105,Mar,Q4,2021,Medak
19_4,2022-03-01,334,10078056,384,10844861,Mar,Q4,2021,Kumurambheem Asifabad
17_3,2022-03-01,4083,106225873,4205,88913539,Mar,Q4,2021,Siddipet
18_2,2022-03-01,1982,44277767,2048,44434626,Mar,Q4,2021,Kamareddy
19_1,2022-03-01,1155,37626696,1317,44640572,Mar,Q4,2021,Adilabad
21_1,2022-03-01,4984,271852015,5441,293546497,Mar,Q4,2021,Hanumakonda
14_1,2022-03-01,3699,111740736,3896,110951795,Mar,Q4,2021,Mahabubnagar
20_4,2022-03-01,1635,69075770,1682,67889754,Mar,Q4,2021,Peddapalli
14_2,2022-03-01,1754,36638435,1805,37870009,Mar,Q4,2021,Jogulamba Gadwal
23_3,2022-03-01,6540,220235465,6841,260377026,Mar,Q4,2021,Yadadri Bhuvanagiri
14_3,2022-03-01,2595,50501834,2593,49114636,Mar,Q4,2021,Nagarkurnool
20_3,2022-03-01,1845,37753914,1832,37695184,Mar,Q4,2021,Rajanna Sircilla
21_6,2022-03-01,981,25435396,1027,23961592,Mar,Q4,2021,Mulugu
14_4,2022-03-01,2280,45022715,2294,44735926,Mar,Q4,2021,Wanaparthy
14_5,2022-03-01,951,19924894,965,19183620,Mar,Q4,2021,Narayanpet
15_2,2022-03-01,15593,2109865837,16786,2291262222,Mar,Q4,2021,Medchal_Malkajgiri
15_1,2022-03-01,23614,3560733909,25016,3694327454,Mar,Q4,2021,Rangareddy
20_2,2022-03-01,1816,56853606,1896,58345086,Mar,Q4,2021,Jagtial
20_1,2022-03-01,3329,144081348,3463,144101845,Mar,Q4,2021,Karimnagar
22_2,2022-03-01,1247,29864010,1502,31592970,Mar,Q4,2021,Bhadradri Kothagudem
19_1,2022-04-01,762,27857363,727,21849707,Apr,Q1,2022,Adilabad
14_1,2022-04-01,3253,105448377,3285,105928140,Apr,Q1,2022,Mahabubnagar
18_2,2022-04-01,1592,40413483,1659,41078977,Apr,Q1,2022,Kamareddy
16_1,2022-04-01,4771,1211822842,5070,1178763492,Apr,Q1,2022,Hyderabad
14_2,2022-04-01,1530,31200400,1593,31730285,Apr,Q1,2022,Jogulamba Gadwal
15_2,2022-04-01,14700,2247203989,15466,2179535206,Apr,Q1,2022,Medchal_Malkajgiri
22_1,2022-04-01,4093,205300353,4323,230412276,Apr,Q1,2022,Khammam
21_6,2022-04-01,684,13520532,687,13433232,Apr,Q1,2022,Mulugu
14_5,2022-04-01,984,23475205,1010,23470165,Apr,Q1,2022,Narayanpet
18_1,2022-04-01,3423,102037591,3492,101095524,Apr,Q1,2022,Nizamabad
14_3,2022-04-01,2308,44535076,2406,48755603,Apr,Q1,2022,Nagarkurnool
17_1,2022-04-01,1000,106685105,1059,66609161,Apr,Q1,2022,Medak
23_2,2022-04-01,2817,83175309,2888,97563368,Apr,Q1,2022,Suryapet
15_3,2022-04-01,1404,35732768,1452,36942980,Apr,Q1,2022,Vikarabad
21_5,2022-04-01,1258,38848963,1358,38941588,Apr,Q1,2022,Mahabubabad
23_3,2022-04-01,6279,226546587,6536,229338699,Apr,Q1,2022,Yadadri Bhuvanagiri
17_2,2022-04-01,6628,685690327,6508,689195855,Apr,Q1,2022,Sangareddy
15_1,2022-04-01,20482,3827108069,21615,3995805965,Apr,Q1,2022,Rangareddy
14_4,2022-04-01,1800,40005628,1840,40225341,Apr,Q1,2022,Wanaparthy
17_3,2022-04-01,3421,92665068,3303,90629017,Apr,Q1,2022,Siddipet
23_1,2022-04-01,4357,121359247,4476,120554337,Apr,Q1,2022,Nalgonda
20_4,2022-04-01,1217,52079295,1267,52919850,Apr,Q1,2022,Peddapalli
20_3,2022-04-01,1615,36241329,1659,36531525,Apr,Q1,2022,Rajanna Sircilla
21_3,2022-04-01,1402,35414340,1456,35650777,Apr,Q1,2022,Jangoan
21_2,2022-04-01,810,23073584,803,22857614,Apr,Q1,2022,Warangal
20_1,2022-04-01,2776,135392259,2852,136515526,Apr,Q1,2022,Karimnagar
19_2,2022-04-01,1303,35864652,1347,36164438,Apr,Q1,2022,Nirmal
21_1,2022-04-01,4459,259104526,4787,246524662,Apr,Q1,2022,Hanumakonda
22_2,2022-04-01,1079,35456569,657,27823990,Apr,Q1,2022,Bhadradri Kothagudem
19_4,2022-04-01,328,8021719,287,7365569,Apr,Q1,2022,Kumurambheem Asifabad
20_2,2022-04-01,1366,44513775,1399,45240512,Apr,Q1,2022,Jagtial
19_3,2022-04-01,2099,56079042,2255,57628834,Apr,Q1,2022,Mancherial
21_2,2022-05-01,795,22950907,866,22284377,May,Q1,2022,Warangal
14_3,2022-05-01,2175,47900830,2278,47346177,May,Q1,2022,Nagarkurnool
16_1,2022-05-01,5099,1021460609,5693,1087823055,May,Q1,2022,Hyderabad
19_3,2022-05-01,1823,54245955,1909,58602240,May,Q1,2022,Mancherial
21_6,2022-05-01,822,15518549,907,16755735,May,Q1,2022,Mulugu
15_3,2022-05-01,1460,48940065,1513,47492587,May,Q1,2022,Vikarabad
19_4,2022-05-01,185,5937385,196,7071065,May,Q1,2022,Kumurambheem Asifabad
14_4,2022-05-01,1705,49330569,1736,49386186,May,Q1,2022,Wanaparthy
17_2,2022-05-01,6185,633377303,6652,633673028,May,Q1,2022,Sangareddy
20_3,2022-05-01,1625,35583211,1662,37500026,May,Q1,2022,Rajanna Sircilla
21_5,2022-05-01,1353,35282201,1384,36625583,May,Q1,2022,Mahabubabad
14_2,2022-05-01,1738,30933470,1794,30749220,May,Q1,2022,Jogulamba Gadwal
17_1,2022-05-01,1087,60215663,1108,63395389,May,Q1,2022,Medak
22_1,2022-05-01,4129,214616691,4346,196522209,May,Q1,2022,Khammam
17_3,2022-05-01,3118,73149482,3175,68930568,May,Q1,2022,Siddipet
15_1,2022-05-01,20591,3315596443,21722,3307019756,May,Q1,2022,Rangareddy
19_1,2022-05-01,763,34705198,808,30146408,May,Q1,2022,Adilabad
18_2,2022-05-01,1596,37513866,1587,36639493,May,Q1,2022,Kamareddy
22_2,2022-05-01,580,23083026,603,24358891,May,Q1,2022,Bhadradri Kothagudem
14_5,2022-05-01,876,20066197,982,21665246,May,Q1,2022,Narayanpet
14_1,2022-05-01,2983,111506589,3112,116263639,May,Q1,2022,Mahabubnagar
20_4,2022-05-01,1177,55319046,1203,61010707,May,Q1,2022,Peddapalli
21_1,2022-05-01,4196,243365485,4448,252150075,May,Q1,2022,Hanumakonda
23_2,2022-05-01,3163,110333900,3225,97243142,May,Q1,2022,Suryapet
18_1,2022-05-01,3873,110012852,4025,116946832,May,Q1,2022,Nizamabad
20_1,2022-05-01,2837,126494603,2775,119127173,May,Q1,2022,Karimnagar
23_1,2022-05-01,4332,125675316,4360,124802408,May,Q1,2022,Nalgonda
23_3,2022-05-01,5752,180066950,6061,197003851,May,Q1,2022,Yadadri Bhuvanagiri
15_2,2022-05-01,14184,2226604850,14776,1856136612,May,Q1,2022,Medchal_Malkajgiri
19_2,2022-05-01,1326,29781771,1309,29056396,May,Q1,2022,Nirmal
21_3,2022-05-01,1665,48228858,1716,47587612,May,Q1,2022,Jangoan
20_2,2022-05-01,1639,53618990,1680,54330667,May,Q1,2022,Jagtial
15_3,2022-06-01,1500,47477486,1499,47810409,Jun,Q1,2022,Vikarabad
22_2,2022-06-01,551,30536426,609,30610762,Jun,Q1,2022,Bhadradri Kothagudem
15_2,2022-06-01,13465,1974321140,14032,2003525073,Jun,Q1,2022,Medchal_Malkajgiri
20_1,2022-06-01,2764,127262109,2920,133907941,Jun,Q1,2022,Karimnagar
14_5,2022-06-01,746,17119079,800,18043300,Jun,Q1,2022,Narayanpet
20_2,2022-06-01,1515,50572152,1583,52524470,Jun,Q1,2022,Jagtial
23_2,2022-06-01,3160,97082946,3217,89855406,Jun,Q1,2022,Suryapet
21_5,2022-06-01,1746,42562067,2204,50757934,Jun,Q1,2022,Mahabubabad
22_1,2022-06-01,3947,190749698,4091,189685610,Jun,Q1,2022,Khammam
14_4,2022-06-01,1452,29412988,1455,29307998,Jun,Q1,2022,Wanaparthy
16_1,2022-06-01,5581,1098145933,6114,1095798340,Jun,Q1,2022,Hyderabad
21_1,2022-06-01,3897,236917721,4288,229301303,Jun,Q1,2022,Hanumakonda
21_6,2022-06-01,964,17801739,956,17398343,Jun,Q1,2022,Mulugu
19_1,2022-06-01,893,33061858,908,32457758,Jun,Q1,2022,Adilabad
23_1,2022-06-01,4155,116553271,4302,118240960,Jun,Q1,2022,Nalgonda
18_2,2022-06-01,1692,43621441,1752,44791520,Jun,Q1,2022,Kamareddy
14_1,2022-06-01,2552,90044509,2598,89618011,Jun,Q1,2022,Mahabubnagar
21_3,2022-06-01,1446,37973277,1592,38580986,Jun,Q1,2022,Jangoan
18_1,2022-06-01,3965,119484825,3951,115946663,Jun,Q1,2022,Nizamabad
20_4,2022-06-01,1132,62359926,1141,58337923,Jun,Q1,2022,Peddapalli
19_2,2022-06-01,1321,31686371,1357,32650406,Jun,Q1,2022,Nirmal
14_2,2022-06-01,1323,26789974,1333,26610044,Jun,Q1,2022,Jogulamba Gadwal
17_3,2022-06-01,3641,85919031,3008,85050270,Jun,Q1,2022,Siddipet
21_2,2022-06-01,796,19641045,842,20282784,Jun,Q1,2022,Warangal
23_3,2022-06-01,5721,222947172,5856,174685831,Jun,Q1,2022,Yadadri Bhuvanagiri
15_1,2022-06-01,19902,3189161131,20747,3052058286,Jun,Q1,2022,Rangareddy
17_2,2022-06-01,5907,678801375,6110,648241383,Jun,Q1,2022,Sangareddy
14_3,2022-06-01,2125,47414452,2196,44544904,Jun,Q1,2022,Nagarkurnool
19_3,2022-06-01,1943,56935498,1986,58314002,Jun,Q1,2022,Mancherial
19_4,2022-06-01,169,6122944,157,5393250,Jun,Q1,2022,Kumurambheem Asifabad
17_1,2022-06-01,1027,64355919,1086,60849069,Jun,Q1,2022,Medak
20_3,2022-06-01,1294,28917193,1280,28108723,Jun,Q1,2022,Rajanna Sircilla
14_4,2022-07-01,1474,37222538,1509,37265917,Jul,Q2,2022,Wanaparthy
14_1,2022-07-01,2477,85214519,2563,84543841,Jul,Q2,2022,Mahabubnagar
21_6,2022-07-01,795,19927185,866,20409998,Jul,Q2,2022,Mulugu
22_2,2022-07-01,472,23931453,478,24760656,Jul,Q2,2022,Bhadradri Kothagudem
23_3,2022-07-01,5079,176853882,5334,173818740,Jul,Q2,2022,Yadadri Bhuvanagiri
14_3,2022-07-01,2036,37936678,2185,39913424,Jul,Q2,2022,Nagarkurnool
14_2,2022-07-01,1314,26238211,1368,26848536,Jul,Q2,2022,Jogulamba Gadwal
20_2,2022-07-01,1403,43309810,1442,44095103,Jul,Q2,2022,Jagtial
22_1,2022-07-01,2854,140282330,3101,149272574,Jul,Q2,2022,Khammam
20_4,2022-07-01,907,38040150,951,40699289,Jul,Q2,2022,Peddapalli
20_3,2022-07-01,1538,36197653,1559,36656253,Jul,Q2,2022,Rajanna Sircilla
14_5,2022-07-01,770,20197334,726,18560619,Jul,Q2,2022,Narayanpet
23_1,2022-07-01,4354,118724734,4470,119439469,Jul,Q2,2022,Nalgonda
20_1,2022-07-01,2625,118665402,2671,119944058,Jul,Q2,2022,Karimnagar
19_3,2022-07-01,1179,41714048,1308,43239921,Jul,Q2,2022,Mancherial
17_2,2022-07-01,5406,541290005,6097,615808901,Jul,Q2,2022,Sangareddy
15_1,2022-07-01,18794,2787068800,19878,2868325989,Jul,Q2,2022,Rangareddy
17_1,2022-07-01,907,42165514,1009,45191997,Jul,Q2,2022,Medak
19_4,2022-07-01,180,5285698,200,5351183,Jul,Q2,2022,Kumurambheem Asifabad
17_3,2022-07-01,4310,77540673,2886,79207847,Jul,Q2,2022,Siddipet
23_2,2022-07-01,2776,78687279,2717,78735343,Jul,Q2,2022,Suryapet
16_1,2022-07-01,5214,1008152412,5610,1020993124,Jul,Q2,2022,Hyderabad
21_5,2022-07-01,2074,47272385,1692,37443717,Jul,Q2,2022,Mahabubabad
18_1,2022-07-01,3161,103854975,3305,105456567,Jul,Q2,2022,Nizamabad
21_2,2022-07-01,791,20401003,831,21001687,Jul,Q2,2022,Warangal
19_2,2022-07-01,980,24530135,999,26783971,Jul,Q2,2022,Nirmal
21_1,2022-07-01,4185,232096281,4566,246642854,Jul,Q2,2022,Hanumakonda
15_3,2022-07-01,1291,47635696,1333,48449014,Jul,Q2,2022,Vikarabad
19_1,2022-07-01,684,21754906,720,22687621,Jul,Q2,2022,Adilabad
15_2,2022-07-01,12736,1724072796,13416,1757943658,Jul,Q2,2022,Medchal_Malkajgiri
21_3,2022-07-01,1512,34217933,1500,34574800,Jul,Q2,2022,Jangoan
18_2,2022-07-01,1568,39274205,1553,38517549,Jul,Q2,2022,Kamareddy
22_2,2022-08-01,390,18804464,384,17356516,Aug,Q2,2022,Bhadradri Kothagudem
14_1,2022-08-01,2619,92104718,2723,96154871,Aug,Q2,2022,Mahabubnagar
17_3,2022-08-01,2761,80566072,2898,83214225,Aug,Q2,2022,Siddipet
21_1,2022-08-01,3922,239012238,4465,250566348,Aug,Q2,2022,Hanumakonda
20_4,2022-08-01,981,43236533,1001,42184867,Aug,Q2,2022,Peddapalli
19_1,2022-08-01,619,22973172,648,23303967,Aug,Q2,2022,Adilabad
19_2,2022-08-01,1017,27530795,1091,25892243,Aug,Q2,2022,Nirmal
18_1,2022-08-01,3559,127143504,3752,130819001,Aug,Q2,2022,Nizamabad
21_3,2022-08-01,1504,40086249,1545,40272693,Aug,Q2,2022,Jangoan
18_2,2022-08-01,1348,39243390,1389,39388216,Aug,Q2,2022,Kamareddy
14_3,2022-08-01,1998,39184503,1989,38221212,Aug,Q2,2022,Nagarkurnool
14_2,2022-08-01,1225,23707880,1245,24189151,Aug,Q2,2022,Jogulamba Gadwal
19_3,2022-08-01,1680,60029351,1834,59331178,Aug,Q2,2022,Mancherial
22_1,2022-08-01,2859,139266851,3052,140688447,Aug,Q2,2022,Khammam
21_6,2022-08-01,1033,22735248,1094,24542032,Aug,Q2,2022,Mulugu
23_2,2022-08-01,2330,78378002,2422,75675434,Aug,Q2,2022,Suryapet
20_2,2022-08-01,1520,52656759,1512,49874381,Aug,Q2,2022,Jagtial
15_1,2022-08-01,18330,3165250183,19162,3268908071,Aug,Q2,2022,Rangareddy
21_2,2022-08-01,729,21221709,785,20858235,Aug,Q2,2022,Warangal
15_2,2022-08-01,13231,2042609039,13836,1996055423,Aug,Q2,2022,Medchal_Malkajgiri
23_3,2022-08-01,4784,160480505,4979,169036786,Aug,Q2,2022,Yadadri Bhuvanagiri
15_3,2022-08-01,1038,30174684,1091,29815444,Aug,Q2,2022,Vikarabad
23_1,2022-08-01,3837,104828788,3892,107144224,Aug,Q2,2022,Nalgonda
20_1,2022-08-01,2646,134360250,2729,135895649,Aug,Q2,2022,Karimnagar
14_5,2022-08-01,654,13711592,690,15014978,Aug,Q2,2022,Narayanpet
20_3,2022-08-01,1355,31110454,1412,33796619,Aug,Q2,2022,Rajanna Sircilla
17_1,2022-08-01,917,41347505,999,44100333,Aug,Q2,2022,Medak
14_4,2022-08-01,1368,31720341,1407,32323792,Aug,Q2,2022,Wanaparthy
19_4,2022-08-01,220,7605809,218,7606749,Aug,Q2,2022,Kumurambheem Asifabad
21_5,2022-08-01,1248,31801448,1250,28433106,Aug,Q2,2022,Mahabubabad
16_1,2022-08-01,5193,1152834266,5723,1168086723,Aug,Q2,2022,Hyderabad
17_2,2022-08-01,5486,629422943,5551,605212052,Aug,Q2,2022,Sangareddy
22_2,2022-09-01,450,23301088,480,23708403,Sep,Q2,2022,Bhadradri Kothagudem
22_1,2022-09-01,3108,154477928,3240,160942887,Sep,Q2,2022,Khammam
23_1,2022-09-01,4260,121333083,4299,118647525,Sep,Q2,2022,Nalgonda
23_2,2022-09-01,2474,70521636,2675,74735751,Sep,Q2,2022,Suryapet
19_2,2022-09-01,951,20632662,913,18841874,Sep,Q2,2022,Nirmal
23_3,2022-09-01,4949,154515218,5131,146150765,Sep,Q2,2022,Yadadri Bhuvanagiri
14_5,2022-09-01,782,19708896,800,19295401,Sep,Q2,2022,Narayanpet
17_2,2022-09-01,5908,769381700,6284,809853521,Sep,Q2,2022,Sangareddy
19_3,2022-09-01,1829,56746850,1712,59051978,Sep,Q2,2022,Mancherial
21_1,2022-09-01,4268,239074293,4488,232183529,Sep,Q2,2022,Hanumakonda
14_4,2022-09-01,1526,31238664,1557,31205059,Sep,Q2,2022,Wanaparthy
17_1,2022-09-01,1262,54338851,1266,53296490,Sep,Q2,2022,Medak
15_1,2022-09-01,18805,2880499154,19805,3005744029,Sep,Q2,2022,Rangareddy
20_3,2022-09-01,2155,49629053,2122,49178446,Sep,Q2,2022,Rajanna Sircilla
21_2,2022-09-01,874,21435284,864,20791822,Sep,Q2,2022,Warangal
14_3,2022-09-01,2341,47520510,2421,46425308,Sep,Q2,2022,Nagarkurnool
17_3,2022-09-01,3072,88961809,3069,92339915,Sep,Q2,2022,Siddipet
15_2,2022-09-01,13038,2083549461,13813,2096442363,Sep,Q2,2022,Medchal_Malkajgiri
21_3,2022-09-01,1570,40285886,1645,40852247,Sep,Q2,2022,Jangoan
14_2,2022-09-01,1258,24576566,1309,25707246,Sep,Q2,2022,Jogulamba Gadwal
19_1,2022-09-01,961,31843177,1077,33272956,Sep,Q2,2022,Adilabad
20_4,2022-09-01,1150,52495487,1200,50024652,Sep,Q2,2022,Peddapalli
21_6,2022-09-01,1012,23384569,934,21235361,Sep,Q2,2022,Mulugu
14_1,2022-09-01,2479,78865422,2542,81191094,Sep,Q2,2022,Mahabubnagar
18_2,2022-09-01,1378,35841685,1509,40324546,Sep,Q2,2022,Kamareddy
18_1,2022-09-01,3831,128996874,3944,123526578,Sep,Q2,2022,Nizamabad
20_1,2022-09-01,2927,141616320,2968,137701716,Sep,Q2,2022,Karimnagar
19_4,2022-09-01,179,4684115,171,4139547,Sep,Q2,2022,Kumurambheem Asifabad
21_5,2022-09-01,1231,30494050,1269,30675635,Sep,Q2,2022,Mahabubabad
16_1,2022-09-01,5469,1079444350,5842,1087686732,Sep,Q2,2022,Hyderabad
20_2,2022-09-01,1601,50871116,1579,50155036,Sep,Q2,2022,Jagtial
15_3,2022-09-01,1188,37148394,1234,39346836,Sep,Q2,2022,Vikarabad
19_3,2022-10-01,1263,47960456,1333,46193479,Oct,Q3,2022,Mancherial
20_1,2022-10-01,2403,112008092,2476,116760177,Oct,Q3,2022,Karimnagar
15_1,2022-10-01,16350,2778577494,17170,2658917737,Oct,Q3,2022,Rangareddy
20_2,2022-10-01,1461,43140709,1514,46136692,Oct,Q3,2022,Jagtial
17_1,2022-10-01,920,53473383,880,50598530,Oct,Q3,2022,Medak
20_3,2022-10-01,1457,33213252,1449,32811948,Oct,Q3,2022,Rajanna Sircilla
18_2,2022-10-01,1232,29779245,1164,25421908,Oct,Q3,2022,Kamareddy
15_2,2022-10-01,11599,1749174335,12086,1725641810,Oct,Q3,2022,Medchal_Malkajgiri
22_2,2022-10-01,466,23380209,484,22733474,Oct,Q3,2022,Bhadradri Kothagudem
20_4,2022-10-01,1002,42617639,992,44153763,Oct,Q3,2022,Peddapalli
19_4,2022-10-01,148,4569240,160,4955225,Oct,Q3,2022,Kumurambheem Asifabad
23_2,2022-10-01,2427,71385785,2536,70971902,Oct,Q3,2022,Suryapet
15_3,2022-10-01,920,27892204,955,29487573,Oct,Q3,2022,Vikarabad
21_1,2022-10-01,3239,185221811,3517,192096503,Oct,Q3,2022,Hanumakonda
16_1,2022-10-01,4778,1094374121,5156,1084103286,Oct,Q3,2022,Hyderabad
14_2,2022-10-01,1099,28122749,1130,27719018,Oct,Q3,2022,Jogulamba Gadwal
21_3,2022-10-01,1368,33980854,1379,34590659,Oct,Q3,2022,Jangoan
23_1,2022-10-01,3361,100036661,3429,98427398,Oct,Q3,2022,Nalgonda
14_5,2022-10-01,612,15011952,642,14760946,Oct,Q3,2022,Narayanpet
14_3,2022-10-01,1882,36974439,1932,36788309,Oct,Q3,2022,Nagarkurnool
14_1,2022-10-01,2331,78745780,2406,74192139,Oct,Q3,2022,Mahabubnagar
17_3,2022-10-01,2725,65936215,2913,67545703,Oct,Q3,2022,Siddipet
21_5,2022-10-01,956,22685048,1070,24306992,Oct,Q3,2022,Mahabubabad
21_2,2022-10-01,657,16078936,674,18223073,Oct,Q3,2022,Warangal
18_1,2022-10-01,3177,103483858,3272,105216212,Oct,Q3,2022,Nizamabad
19_2,2022-10-01,875,20707701,891,21851904,Oct,Q3,2022,Nirmal
14_4,2022-10-01,1270,27008600,1277,26823357,Oct,Q3,2022,Wanaparthy
23_3,2022-10-01,4094,124787453,4232,125033422,Oct,Q3,2022,Yadadri Bhuvanagiri
17_2,2022-10-01,5366,669688088,5194,597593001,Oct,Q3,2022,Sangareddy
21_6,2022-10-01,566,12575975,629,14154359,Oct,Q3,2022,Mulugu
22_1,2022-10-01,2636,124582833,2770,128487551,Oct,Q3,2022,Khammam
19_1,2022-10-01,804,25801418,795,26421001,Oct,Q3,2022,Adilabad
18_1,2022-11-01,3804,127141742,3976,128740049,Nov,Q3,2022,Nizamabad
19_3,2022-11-01,1784,63735004,1850,61917709,Nov,Q3,2022,Mancherial
23_1,2022-11-01,3842,107944880,3980,110195247,Nov,Q3,2022,Nalgonda
17_1,2022-11-01,1049,53149411,1221,54417566,Nov,Q3,2022,Medak
17_3,2022-11-01,3662,80145147,3612,80989255,Nov,Q3,2022,Siddipet
19_2,2022-11-01,1084,28563022,1115,29132303,Nov,Q3,2022,Nirmal
22_2,2022-11-01,440,20562065,465,21995310,Nov,Q3,2022,Bhadradri Kothagudem
17_2,2022-11-01,5720,703769297,6255,763951173,Nov,Q3,2022,Sangareddy
19_1,2022-11-01,946,33759529,1038,35119462,Nov,Q3,2022,Adilabad
19_4,2022-11-01,180,5833743,173,5529343,Nov,Q3,2022,Kumurambheem Asifabad
23_2,2022-11-01,3120,94142762,3289,93708374,Nov,Q3,2022,Suryapet
20_1,2022-11-01,2807,113953428,2862,113408135,Nov,Q3,2022,Karimnagar
21_6,2022-11-01,824,19290678,866,20889937,Nov,Q3,2022,Mulugu
23_3,2022-11-01,5334,166902177,5476,168772405,Nov,Q3,2022,Yadadri Bhuvanagiri
14_1,2022-11-01,2867,98486139,2990,100294633,Nov,Q3,2022,Mahabubnagar
21_5,2022-11-01,1002,24809072,1044,25214470,Nov,Q3,2022,Mahabubabad
14_2,2022-11-01,1329,25749056,1356,25037646,Nov,Q3,2022,Jogulamba Gadwal
21_3,2022-11-01,1602,39413505,1686,42046825,Nov,Q3,2022,Jangoan
14_3,2022-11-01,2155,43697390,2275,44431440,Nov,Q3,2022,Nagarkurnool
22_1,2022-11-01,3375,172121398,3491,169028940,Nov,Q3,2022,Khammam
21_2,2022-11-01,851,24792956,897,22624725,Nov,Q3,2022,Warangal
16_1,2022-11-01,5292,1208056701,5731,1220973752,Nov,Q3,2022,Hyderabad
21_1,2022-11-01,4112,243322137,4536,246494353,Nov,Q3,2022,Hanumakonda
14_5,2022-11-01,725,13551510,769,14524190,Nov,Q3,2022,Narayanpet
14_4,2022-11-01,1515,35171616,1560,35516032,Nov,Q3,2022,Wanaparthy
18_2,2022-11-01,1441,36229953,1648,41366626,Nov,Q3,2022,Kamareddy
15_1,2022-11-01,19783,3003051570,20894,3078030940,Nov,Q3,2022,Rangareddy
15_3,2022-11-01,1235,43951677,1284,77098216,Nov,Q3,2022,Vikarabad
20_3,2022-11-01,1568,37185140,1568,38783348,Nov,Q3,2022,Rajanna Sircilla
20_2,2022-11-01,1763,52234818,1772,52835550,Nov,Q3,2022,Jagtial
20_4,2022-11-01,1284,55755488,1310,55053518,Nov,Q3,2022,Peddapalli
15_2,2022-11-01,14031,1826839377,14831,1852307919,Nov,Q3,2022,Medchal_Malkajgiri
14_1,2022-12-01,2784,85098197,2880,84393869,Dec,Q3,2022,Mahabubnagar
18_2,2022-12-01,1515,40896341,1705,51494193,Dec,Q3,2022,Kamareddy
16_1,2022-12-01,5898,1355787536,6308,1329150331,Dec,Q3,2022,Hyderabad
17_1,2022-12-01,1371,49030012,1322,62478201,Dec,Q3,2022,Medak
15_3,2022-12-01,1321,72749213,1353,37351018,Dec,Q3,2022,Vikarabad
14_2,2022-12-01,1349,26168756,1386,26145714,Dec,Q3,2022,Jogulamba Gadwal
17_2,2022-12-01,6473,801243285,6623,760514938,Dec,Q3,2022,Sangareddy
15_2,2022-12-01,14856,2334567346,15549,2297583064,Dec,Q3,2022,Medchal_Malkajgiri
23_2,2022-12-01,2854,81318532,3068,85311917,Dec,Q3,2022,Suryapet
14_4,2022-12-01,1531,32841412,1612,33293028,Dec,Q3,2022,Wanaparthy
17_3,2022-12-01,4580,96346583,3825,89172598,Dec,Q3,2022,Siddipet
15_1,2022-12-01,21409,3233570311,22066,3476461573,Dec,Q3,2022,Rangareddy
23_3,2022-12-01,5176,167334275,5312,166377762,Dec,Q3,2022,Yadadri Bhuvanagiri
14_5,2022-12-01,957,21817533,951,54941667,Dec,Q3,2022,Narayanpet
14_3,2022-12-01,2197,36811871,2212,37237639,Dec,Q3,2022,Nagarkurnool
18_1,2022-12-01,4440,145018110,4658,145874652,Dec,Q3,2022,Nizamabad
22_1,2022-12-01,3528,165181429,3528,161886885,Dec,Q3,2022,Khammam
20_2,2022-12-01,2037,64542761,2014,63434536,Dec,Q3,2022,Jagtial
21_6,2022-12-01,1103,21027052,1091,18590638,Dec,Q3,2022,Mulugu
19_4,2022-12-01,210,7326433,212,7931923,Dec,Q3,2022,Kumurambheem Asifabad
21_3,2022-12-01,1820,43961291,1814,47717327,Dec,Q3,2022,Jangoan
20_3,2022-12-01,1856,39239087,1842,37552767,Dec,Q3,2022,Rajanna Sircilla
19_3,2022-12-01,1648,51556856,1662,53216904,Dec,Q3,2022,Mancherial
23_1,2022-12-01,4434,114308244,4361,112865647,Dec,Q3,2022,Nalgonda
21_5,2022-12-01,1336,32110299,1542,33870130,Dec,Q3,2022,Mahabubabad
22_2,2022-12-01,528,25594836,550,22667405,Dec,Q3,2022,Bhadradri Kothagudem
19_2,2022-12-01,1095,24121734,1069,28643040,Dec,Q3,2022,Nirmal
20_4,2022-12-01,1496,57282591,1479,57747406,Dec,Q3,2022,Peddapalli
20_1,2022-12-01,3004,142858373,3035,142058913,Dec,Q3,2022,Karimnagar
19_1,2022-12-01,1212,42679882,1271,43190728,Dec,Q3,2022,Adilabad
21_2,2022-12-01,887,20785376,890,19938358,Dec,Q3,2022,Warangal
21_1,2022-12-01,4610,271354580,4616,256520194,Dec,Q3,2022,Hanumakonda
21_3,2023-01-01,1585,37768747,1672,40560447,Jan,Q4,2022,Jangoan
20_1,2023-01-01,2688,123852408,2993,132934712,Jan,Q4,2022,Karimnagar
21_5,2023-01-01,1342,32693841,1324,31873632,Jan,Q4,2022,Mahabubabad
16_1,2023-01-01,4899,1084721163,5351,1135867189,Jan,Q4,2022,Hyderabad
23_3,2023-01-01,4676,155087383,5032,197930372,Jan,Q4,2022,Yadadri Bhuvanagiri
20_2,2023-01-01,1692,50644161,1806,53789297,Jan,Q4,2022,Jagtial
14_2,2023-01-01,1286,30260131,1344,31259755,Jan,Q4,2022,Jogulamba Gadwal
15_3,2023-01-01,1118,31875190,1218,34139087,Jan,Q4,2022,Vikarabad
14_5,2023-01-01,784,50514172,818,16939177,Jan,Q4,2022,Narayanpet
21_2,2023-01-01,765,17404420,864,20959433,Jan,Q4,2022,Warangal
15_2,2023-01-01,12833,1713130744,13682,1802655144,Jan,Q4,2022,Medchal_Malkajgiri
22_2,2023-01-01,558,24538850,607,26076335,Jan,Q4,2022,Bhadradri Kothagudem
23_2,2023-01-01,2930,74447848,3122,78392382,Jan,Q4,2022,Suryapet
20_4,2023-01-01,1343,48484643,1457,49799397,Jan,Q4,2022,Peddapalli
14_3,2023-01-01,2033,34088377,2172,35680723,Jan,Q4,2022,Nagarkurnool
15_1,2023-01-01,17671,2968698366,19201,2911793905,Jan,Q4,2022,Rangareddy
21_1,2023-01-01,3218,171784887,3851,195178409,Jan,Q4,2022,Hanumakonda
20_3,2023-01-01,1998,42559764,2021,42506769,Jan,Q4,2022,Rajanna Sircilla
14_4,2023-01-01,1584,33370482,1618,34443499,Jan,Q4,2022,Wanaparthy
18_2,2023-01-01,1933,56557929,1824,43654914,Jan,Q4,2022,Kamareddy
17_1,2023-01-01,1246,55241470,1408,44175642,Jan,Q4,2022,Medak
19_1,2023-01-01,1050,36387664,1062,36546433,Jan,Q4,2022,Adilabad
22_1,2023-01-01,2864,141968542,3183,147506078,Jan,Q4,2022,Khammam
18_1,2023-01-01,4076,121234859,4347,125215308,Jan,Q4,2022,Nizamabad
23_1,2023-01-01,4116,101341119,4337,107080647,Jan,Q4,2022,Nalgonda
19_2,2023-01-01,962,21171939,1235,26203997,Jan,Q4,2022,Nirmal
17_3,2023-01-01,3640,68253540,3406,83385619,Jan,Q4,2022,Siddipet
19_3,2023-01-01,2173,52574678,2229,54503596,Jan,Q4,2022,Mancherial
17_2,2023-01-01,5537,661440177,5968,670181601,Jan,Q4,2022,Sangareddy
14_1,2023-01-01,2326,73940840,2428,75877587,Jan,Q4,2022,Mahabubnagar
19_4,2023-01-01,237,6899881,235,6191601,Jan,Q4,2022,Kumurambheem Asifabad
21_6,2023-01-01,1093,15129967,1153,15687215,Jan,Q4,2022,Mulugu
15_1,2023-02-01,19027,2975677528,19878,3009512192,Feb,Q4,2022,Rangareddy
19_2,2023-02-01,1539,31026011,1451,28481479,Feb,Q4,2022,Nirmal
18_1,2023-02-01,3920,122757854,4181,126174222,Feb,Q4,2022,Nizamabad
21_1,2023-02-01,3899,216193059,3963,214433314,Feb,Q4,2022,Hanumakonda
14_3,2023-02-01,2103,36437634,2066,35458677,Feb,Q4,2022,Nagarkurnool
14_5,2023-02-01,887,21092647,932,22899250,Feb,Q4,2022,Narayanpet
21_6,2023-02-01,766,16263760,794,16080717,Feb,Q4,2022,Mulugu
14_2,2023-02-01,1258,26321587,1286,25878004,Feb,Q4,2022,Jogulamba Gadwal
21_2,2023-02-01,899,21021768,926,21296483,Feb,Q4,2022,Warangal
23_2,2023-02-01,3314,94720880,3220,85806241,Feb,Q4,2022,Suryapet
23_3,2023-02-01,4932,259411612,5061,259392115,Feb,Q4,2022,Yadadri Bhuvanagiri
19_1,2023-02-01,1030,40576830,1098,40937396,Feb,Q4,2022,Adilabad
14_4,2023-02-01,1778,37497938,1776,46746999,Feb,Q4,2022,Wanaparthy
18_2,2023-02-01,1595,37903505,1637,37903955,Feb,Q4,2022,Kamareddy
22_1,2023-02-01,3329,161996191,3538,163300033,Feb,Q4,2022,Khammam
20_2,2023-02-01,1935,58590128,1954,59608627,Feb,Q4,2022,Jagtial
20_1,2023-02-01,3031,139773583,3024,139361911,Feb,Q4,2022,Karimnagar
23_1,2023-02-01,4227,106442600,4297,106085878,Feb,Q4,2022,Nalgonda
22_2,2023-02-01,462,24758816,463,21797881,Feb,Q4,2022,Bhadradri Kothagudem
17_2,2023-02-01,5803,660210895,6101,737968006,Feb,Q4,2022,Sangareddy
15_3,2023-02-01,1378,41844930,1427,43546323,Feb,Q4,2022,Vikarabad
16_1,2023-02-01,5215,1111618896,5578,1116823805,Feb,Q4,2022,Hyderabad
20_3,2023-02-01,1740,34638402,1763,34704002,Feb,Q4,2022,Rajanna Sircilla
19_3,2023-02-01,2457,58357077,2536,55413849,Feb,Q4,2022,Mancherial
14_1,2023-02-01,2480,74664336,2532,77460885,Feb,Q4,2022,Mahabubnagar
21_5,2023-02-01,1182,28757826,1281,30907073,Feb,Q4,2022,Mahabubabad
21_3,2023-02-01,1599,47850586,1594,37729311,Feb,Q4,2022,Jangoan
17_3,2023-02-01,4216,90711898,3441,97516445,Feb,Q4,2022,Siddipet
15_2,2023-02-01,12810,1916206633,13465,1845582136,Feb,Q4,2022,Medchal_Malkajgiri
19_4,2023-02-01,262,7184545,269,7494565,Feb,Q4,2022,Kumurambheem Asifabad
17_1,2023-02-01,1255,57992565,1170,58379617,Feb,Q4,2022,Medak
20_4,2023-02-01,1319,48693380,1337,49561104,Feb,Q4,2022,Peddapalli
21_5,2023-03-01,1484,34154402,1499,33128850,Mar,Q4,2022,Mahabubabad
23_3,2023-03-01,5308,172547389,5606,177729919,Mar,Q4,2022,Yadadri Bhuvanagiri
14_3,2023-03-01,2412,48372295,2475,48439941,Mar,Q4,2022,Nagarkurnool
21_3,2023-03-01,1652,34544933,1808,45606428,Mar,Q4,2022,Jangoan
14_1,2023-03-01,2877,91894125,3017,95840642,Mar,Q4,2022,Mahabubnagar
14_2,2023-03-01,1607,28900448,1641,30044795,Mar,Q4,2022,Jogulamba Gadwal
22_1,2023-03-01,3413,161103295,3518,164486824,Mar,Q4,2022,Khammam
21_6,2023-03-01,834,20521996,864,21267953,Mar,Q4,2022,Mulugu
15_2,2023-03-01,14960,2205243820,15946,2182774900,Mar,Q4,2022,Medchal_Malkajgiri
14_4,2023-03-01,1833,52326513,1898,43244413,Mar,Q4,2022,Wanaparthy
19_1,2023-03-01,1388,45439848,1407,44472607,Mar,Q4,2022,Adilabad
18_1,2023-03-01,4435,130499913,4517,124441269,Mar,Q4,2022,Nizamabad
19_2,2023-03-01,1361,42966869,1378,41977010,Mar,Q4,2022,Nirmal
17_3,2023-03-01,5101,107437340,4753,98149368,Mar,Q4,2022,Siddipet
17_2,2023-03-01,7299,838884926,7004,727411843,Mar,Q4,2022,Sangareddy
19_3,2023-03-01,2467,48958866,2633,54313485,Mar,Q4,2022,Mancherial
19_4,2023-03-01,208,5760075,219,6095592,Mar,Q4,2022,Kumurambheem Asifabad
17_1,2023-03-01,1320,56504907,1321,60321469,Mar,Q4,2022,Medak
20_1,2023-03-01,3191,134212334,3142,127938132,Mar,Q4,2022,Karimnagar
21_2,2023-03-01,1020,23471104,1016,20237995,Mar,Q4,2022,Warangal
16_1,2023-03-01,5706,1839593612,6223,1848245203,Mar,Q4,2022,Hyderabad
15_3,2023-03-01,1520,48535604,1544,47283515,Mar,Q4,2022,Vikarabad
23_2,2023-03-01,3296,91477690,3490,97232235,Mar,Q4,2022,Suryapet
20_2,2023-03-01,2067,64203357,2113,63592151,Mar,Q4,2022,Jagtial
18_2,2023-03-01,1637,34354361,1809,38612291,Mar,Q4,2022,Kamareddy
20_3,2023-03-01,2236,48122659,2247,47762729,Mar,Q4,2022,Rajanna Sircilla
15_1,2023-03-01,21524,3573491897,23030,3716779175,Mar,Q4,2022,Rangareddy
20_4,2023-03-01,1510,54036552,1596,57171081,Mar,Q4,2022,Peddapalli
14_5,2023-03-01,980,23898383,1026,23106330,Mar,Q4,2022,Narayanpet
21_1,2023-03-01,4321,279791569,4642,284765300,Mar,Q4,2022,Hanumakonda
22_2,2023-03-01,1255,18695648,1566,22453502,Mar,Q4,2022,Bhadradri Kothagudem
23_1,2023-03-01,5806,132022152,5997,135318190,Mar,Q4,2022,Nalgonda
